Chain1,Res1,ResName1,Atom1,Chain2,Res2,ResName2,Atom2,Distance,Type
A,-1,S,O,A,54,E,N,3.15,HB
A,0,H,NE2,A,54,E,OE2,2.91,uSB
A,0,H,NE2,A,54,E,OE2,2.91,HB
A,2,G,O,A,53,G,N,2.87,HB
A,2,G,N,A,96,A,O,3.85,HB
A,2,G,N,A,97,S,O,3.47,HB
A,3,K,CB,A,52,A,CB,4.02,HY
A,3,K,N,A,98,Q,O,3.78,HB
A,3,K,N,A,99,N,OD1,3.1,HB
A,3,K,O,A,100,Y,N,2.94,HB
A,4,L,CD2,A,24,L,CG,4.4,HY
A,4,L,CD2,A,24,L,CD1,3.75,HY
A,4,L,CD2,A,24,L,CD2,3.75,HY
A,4,L,O,A,50,L,N,3.51,HB
A,4,L,N,A,51,L,O,2.69,HB
A,4,L,O,A,51,L,N,3.83,HB
A,4,L,CB,A,51,L,CB,4.16,HY
A,4,L,CD2,A,51,L,CB,4.4,HY
A,4,L,CB,A,56,L,CD1,3.87,HY
A,4,L,CG,A,91,F,CZ,4.39,HY
A,4,L,CD1,A,91,F,CE2,3.79,HY
A,4,L,CD1,A,91,F,CZ,3.71,HY
A,4,L,CD2,A,91,F,CE2,4.25,HY
A,4,L,CD2,A,91,F,CZ,3.83,HY
A,4,L,CD1,A,100,Y,CB,4.08,HY
A,4,L,CD1,A,102,V,CG2,4.02,HY
A,5,S,N,A,100,Y,O,2.9,HB
A,5,S,OG,A,100,Y,O,3.81,HB
A,5,S,OG,A,101,H,ND1,2.75,HB
A,5,S,O,A,102,V,N,2.87,HB
A,6,T,CG2,A,22,L,CD2,4.43,HY
A,6,T,CG2,A,50,L,CD1,3.86,HY
A,6,T,CG2,A,65,F,CE2,4.28,HY
A,6,T,CG2,A,65,F,CZ,4.43,HY
A,6,T,OG1,A,102,V,O,2.56,HB
A,7,H,ND1,A,43,D,O,3.55,HB
A,7,H,ND1,A,43,D,OD2,5.47,uAT
A,7,H,ND1,A,44,G,O,3.29,HB
A,7,H,ND1,A,45,R,NE,4.42,uRE
A,7,H,NE2,A,45,R,NH2,3.65,HB
A,7,H,ND1,A,101,H,NE2,5.91,uRE
A,7,H,CB,A,103,P,CB,3.88,HY
A,7,H,O,A,104,L,N,2.77,HB
A,7,H,NE2,C,117,S,O,3.81,HB
A,7,H,NE2,C,117,S,OG,2.91,HB
A,8,V,O,A,17,G,N,2.9,HB
A,8,V,CG1,A,20,V,CG2,4.27,HY
A,8,V,CB,A,40,T,CG2,4.3,HY
A,8,V,CG2,A,40,T,CG2,3.77,HY
A,8,V,N,A,44,G,O,2.98,HB
A,8,V,CG2,A,65,F,CD2,3.75,HY
A,8,V,CG2,A,65,F,CE2,3.64,HY
A,8,V,CG1,A,106,V,CG1,4.2,HY
A,9,L,CD1,A,103,P,CB,4.23,HY
A,9,L,N,A,104,L,O,2.83,HB
A,9,L,CD1,A,105,V,CG2,3.83,HY
A,9,L,O,A,106,V,N,3.09,HB
A,9,L,CD2,C,114,Y,CD1,4.14,HY
A,9,L,CD2,C,114,Y,CE1,3.54,HY
A,10,D,OD1,A,13,K,NZ,5.91,AT
A,10,D,O,A,14,G,N,2.85,HB
A,10,D,N,A,15,K,O,2.77,HB
A,10,D,O,A,15,K,N,3.15,HB
A,10,D,CB,A,70,Y,CE2,4.13,HY
A,10,D,OD2,A,70,Y,OH,2.55,HB
A,11,I,CG2,A,105,V,CG1,3.49,HY
A,11,I,CD1,A,105,V,CG1,4.13,HY
A,11,I,N,A,106,V,O,3.25,HB
A,11,I,CG2,C,114,Y,CB,4.37,HY
A,11,I,CD1,D,11,I,CD1,3.77,HY
A,11,I,O,D,107,S,OG,2.87,HB
A,11,I,CB,D,110,A,CB,3.97,HY
A,11,I,CG2,D,110,A,CB,3.65,HY
A,11,I,CD1,D,110,A,CB,4.33,HY
A,12,T,CG2,A,71,F,CE1,4.29,HY
A,12,T,O,D,109,W,NE1,3.56,HB
A,13,K,CB,A,15,K,CB,4.25,HY
A,13,K,CB,A,15,K,CG,4.31,HY
A,13,K,CB,A,15,K,CD,4.45,HY
A,13,K,NZ,A,76,E,OE2,5.88,AT
A,13,K,O,D,109,W,NE1,3.46,HB
A,16,P,CG,A,18,V,CG2,4.34,HY
A,17,G,O,A,40,T,OG1,2.6,HB
A,19,G,N,A,40,T,O,3.09,HB
A,19,G,N,A,40,T,OG1,2.98,HB
A,20,V,N,A,40,T,OG1,2.76,HB
A,20,V,O,A,40,T,N,2.97,HB
A,20,V,O,A,40,T,OG1,3.52,HB
A,20,V,CB,A,40,T,CG2,4.1,HY
A,20,V,CB,A,70,Y,CB,4.46,HY
A,20,V,CG1,A,70,Y,CB,4.05,HY
A,20,V,CG2,A,70,Y,CB,4.0,HY
A,20,V,CG2,A,70,Y,CG,3.73,HY
A,20,V,CG2,A,70,Y,CD1,3.57,HY
A,20,V,CG2,A,70,Y,CD2,4.38,HY
A,20,V,CG2,A,70,Y,CE1,4.1,HY
A,21,K,CG,A,39,V,CG2,3.89,HY
A,21,K,O,A,66,A,N,2.99,HB
A,21,K,CB,A,66,A,CB,4.43,HY
A,22,L,N,A,38,A,O,2.85,HB
A,22,L,O,A,38,A,N,2.95,HB
A,22,L,CG,A,38,A,CB,4.28,HY
A,22,L,CD1,A,38,A,CB,4.34,HY
A,22,L,CD2,A,40,T,CG2,3.97,HY
A,22,L,CD1,A,50,L,CD1,4.35,HY
A,22,L,CD1,A,50,L,CD2,3.57,HY
A,22,L,CD1,A,63,L,CD2,3.95,HY
A,22,L,CB,A,65,F,CD2,4.17,HY
A,22,L,CD2,A,65,F,CD2,4.37,HY
A,22,L,CD2,A,65,F,CE2,4.2,HY
A,23,A,CB,A,25,Y,CD1,4.41,HY
A,23,A,CB,A,25,Y,CE1,3.61,HY
A,23,A,CB,A,34,L,CD1,3.78,HY
A,23,A,CB,A,37,Q,CG,4.08,HY
A,23,A,N,A,64,V,O,3.09,HB
A,23,A,O,A,64,V,N,2.96,HB
A,24,L,O,A,35,L,N,2.73,HB
A,24,L,CB,A,35,L,CB,4.47,HY
A,24,L,CG,A,35,L,CB,4.3,HY
A,24,L,CG,A,35,L,CD1,4.2,HY
A,24,L,CD2,A,35,L,CB,4.22,HY
A,24,L,CD2,A,35,L,CD1,3.98,HY
A,24,L,N,A,36,K,O,2.81,HB
A,24,L,O,A,36,K,N,3.47,HB
A,24,L,CD2,A,50,L,CB,4.18,HY
A,24,L,CD2,A,51,L,CB,4.03,HY
A,24,L,CD2,A,51,L,CG,3.59,HY
A,24,L,CD2,A,51,L,CD1,3.95,HY
A,24,L,CG,A,61,Y,CD2,4.48,HY
A,24,L,CD1,A,61,Y,CB,4.2,HY
A,24,L,CD1,A,61,Y,CD2,4.18,HY
A,24,L,CB,A,63,L,CD2,3.96,HY
A,24,L,CG,A,63,L,CD2,4.44,HY
A,24,L,CD1,A,63,L,CG,3.94,HY
A,24,L,CD1,A,63,L,CD2,3.71,HY
A,25,Y,CD2,A,32,K,CB,4.45,HY
A,25,Y,CD2,A,34,L,CB,4.25,HY
A,25,Y,CD2,A,34,L,CD1,4.18,HY
A,25,Y,CE1,A,34,L,CD1,4.33,HY
A,25,Y,CE2,A,34,L,CB,4.09,HY
A,25,Y,CE2,A,34,L,CD1,3.69,HY
A,25,Y,N,A,62,E,O,2.88,HB
A,25,Y,O,A,62,E,N,2.95,HB
A,25,Y,CB,A,62,E,CB,4.49,HY
A,25,Y,CD1,A,64,V,CG2,3.88,HY
A,25,Y,CE1,A,64,V,CB,4.11,HY
A,25,Y,CE1,A,64,V,CG2,3.66,HY
A,26,A,N,A,33,T,O,2.88,HB
A,26,A,O,A,33,T,N,2.89,HB
A,26,A,CB,A,35,L,CG,4.23,HY
A,26,A,CB,A,35,L,CD1,3.97,HY
A,26,A,CB,A,35,L,CD2,4.34,HY
A,26,A,CB,A,61,Y,CD2,4.46,HY
A,26,A,CB,A,61,Y,CE2,4.33,HY
A,27,V,CB,A,32,K,CG,4.49,HY
A,27,V,CG1,A,32,K,CG,4.3,HY
A,27,V,CG2,A,32,K,CG,3.95,HY
A,27,V,CG2,A,32,K,CD,4.15,HY
A,27,V,N,A,60,K,O,3.03,HB
A,27,V,CB,A,60,K,CB,4.26,HY
A,27,V,CG2,A,62,E,CB,4.1,HY
A,27,V,CG2,A,62,E,CG,3.68,HY
A,32,K,NZ,A,62,E,OE1,2.89,SB
A,32,K,NZ,A,62,E,OE1,2.89,HB
A,32,K,NZ,A,62,E,OE2,3.43,HB
A,32,K,NZ,B,32,K,NZ,3.97,RE
A,32,K,NZ,B,62,E,OE1,5.97,AT
A,33,T,CG2,A,35,L,CD2,4.35,HY
A,34,L,CD1,A,37,Q,CG,4.18,HY
A,34,L,CD2,A,37,Q,CG,4.33,HY
A,35,L,CD1,A,51,L,CG,4.18,HY
A,35,L,CD1,A,51,L,CD1,3.67,HY
A,35,L,CD1,A,61,Y,CD2,4.08,HY
A,35,L,CD1,A,61,Y,CE2,3.7,HY
A,36,K,NZ,A,48,E,OE1,3.99,AT
A,36,K,NZ,A,49,P,O,2.54,HB
A,38,A,CB,A,50,L,CD2,4.3,HY
A,41,N,N,A,45,R,O,2.69,HB
A,41,N,OD1,A,45,R,N,2.81,HB
A,41,N,ND2,A,45,R,O,3.44,HB
A,41,N,ND2,A,47,D,OD1,3.03,HB
A,43,D,OD2,A,45,R,NE,2.95,SB
A,43,D,O,C,117,S,OG,3.61,HB
A,43,D,OD1,C,117,S,OG,3.24,HB
A,45,R,CZ,A,101,H,ND1,5.7,uRE
A,49,P,CB,A,52,A,CB,4.31,HY
A,50,L,CD1,A,63,L,CD1,4.16,HY
A,50,L,CD1,A,63,L,CD2,3.74,HY
A,51,L,CD2,A,55,A,CB,3.65,HY
A,51,L,CB,A,56,L,CD1,3.83,HY
A,51,L,CD1,A,56,L,CD1,3.97,HY
A,51,L,CD1,A,61,Y,CE2,3.67,HY
A,52,A,O,A,56,L,N,3.57,HB
A,56,L,CG,A,93,I,CD1,4.48,HY
A,56,L,CD1,A,93,I,CD1,3.66,HY
A,57,Q,N,A,61,Y,OH,3.24,HB
A,57,Q,O,A,61,Y,OH,2.54,HB
A,58,V,CG2,A,96,A,CB,4.27,HY
A,58,V,CG1,B,81,P,CG,4.14,HY
A,59,G,N,A,93,I,O,3.19,HB
A,59,G,O,A,93,I,N,2.92,HB
A,60,K,CG,B,81,P,CB,4.39,HY
A,60,K,NZ,B,85,D,OD2,5.79,AT
A,60,K,NZ,B,86,E,OE1,5.54,AT
A,61,Y,N,A,91,F,O,2.82,HB
A,61,Y,O,A,91,F,N,2.99,HB
A,61,Y,CB,A,91,F,CD2,4.43,HY
A,61,Y,CB,A,91,F,CE1,4.13,HY
A,61,Y,CB,A,91,F,CE2,3.9,HY
A,61,Y,CB,A,91,F,CZ,3.73,HY
A,61,Y,CG,A,91,F,CE2,4.42,HY
A,61,Y,CD1,A,91,F,CE2,4.4,HY
A,61,Y,CD1,A,93,I,CB,4.34,HY
A,61,Y,CD1,A,93,I,CG1,3.98,HY
A,61,Y,CD1,A,93,I,CD1,3.91,HY
A,61,Y,CE1,A,93,I,CB,4.04,HY
A,61,Y,CE1,A,93,I,CG1,4.01,HY
A,61,Y,CE1,A,93,I,CD1,3.73,HY
A,62,E,CB,A,88,V,CG1,4.41,HY
A,62,E,CG,A,88,V,CG1,4.18,HY
A,62,E,CG,A,90,A,CB,3.8,HY
A,63,L,CB,A,65,F,CD1,4.47,HY
A,63,L,CB,A,65,F,CE1,3.71,HY
A,63,L,CB,A,65,F,CZ,4.11,HY
A,63,L,CD1,A,65,F,CE1,4.34,HY
A,63,L,CD1,A,65,F,CZ,4.0,HY
A,63,L,N,A,89,I,O,2.96,HB
A,63,L,O,A,89,I,N,2.82,HB
A,63,L,CB,A,89,I,CB,4.48,HY
A,63,L,CB,A,91,F,CE1,4.32,HY
A,63,L,CG,A,91,F,CE1,3.99,HY
A,63,L,CG,A,91,F,CZ,4.43,HY
A,63,L,CD1,A,91,F,CE1,4.11,HY
A,63,L,CD1,A,91,F,CZ,4.45,HY
A,64,V,CG1,A,86,E,CB,4.07,HY
A,64,V,CG2,A,88,V,CG2,4.23,HY
A,65,F,N,A,87,V,O,2.83,HB
A,65,F,O,A,87,V,N,2.75,HB
A,65,F,CB,A,87,V,CB,4.27,HY
A,65,F,CD1,A,89,I,CG1,4.37,HY
A,65,F,CD1,A,89,I,CD1,4.13,HY
A,65,F,CE1,A,89,I,CG1,4.03,HY
A,65,F,CE1,A,89,I,CD1,3.51,HY
A,65,F,CZ,A,89,I,CD1,4.36,HY
A,65,F,CB,A,104,L,CD2,3.71,HY
A,65,F,CG,A,104,L,CD2,3.44,HY
A,65,F,CD1,A,104,L,CD2,3.59,HY
A,65,F,CD2,A,104,L,CD2,3.83,HY
A,65,F,CE1,A,104,L,CB,4.3,HY
A,65,F,CE1,A,104,L,CD2,4.11,HY
A,65,F,CE2,A,104,L,CB,4.35,HY
A,65,F,CE2,A,104,L,CD2,4.32,HY
A,65,F,CZ,A,104,L,CB,4.18,HY
A,65,F,CZ,A,104,L,CD2,4.45,HY
A,66,A,O,A,70,Y,N,3.21,HB
A,67,A,O,A,71,F,N,3.01,HB
A,67,A,CB,A,71,F,CD2,4.47,HY
A,67,A,CB,A,71,F,CE2,4.33,HY
A,67,A,CB,A,84,V,CG1,3.76,HY
A,67,A,N,A,85,D,O,3.11,HB
A,67,A,CB,A,87,V,CG2,3.81,HY
A,67,A,CB,A,106,V,CG2,4.24,HY
A,68,G,O,A,72,A,N,3.03,HB
A,68,G,O,A,82,R,NE,3.89,HB
A,68,G,O,A,82,R,NH1,3.26,HB
A,68,G,N,A,84,V,O,3.88,HB
A,68,G,N,A,85,D,O,2.82,HB
A,69,D,O,A,73,A,N,2.8,HB
A,69,D,OD1,A,82,R,CZ,3.8,SB
A,69,D,OD1,A,82,R,NH1,2.82,HB
A,69,D,OD1,A,85,D,OD1,4.28,RE
A,69,D,OD2,A,86,E,OE2,5.87,RE
A,70,Y,RNG,A,71,F,RNG,4.83,AS
A,70,Y,CD2,A,71,F,CB,4.48,HY
A,70,Y,CD2,A,71,F,CG,3.81,HY
A,70,Y,CD2,A,71,F,CD1,3.71,HY
A,70,Y,CD2,A,71,F,CD2,4.01,HY
A,70,Y,CD2,A,71,F,CE1,3.82,HY
A,70,Y,CD2,A,71,F,CE2,4.12,HY
A,70,Y,CD2,A,71,F,CZ,4.03,HY
A,70,Y,CE2,A,71,F,CG,4.23,HY
A,70,Y,CE2,A,71,F,CD1,3.65,HY
A,70,Y,CE2,A,71,F,CE1,3.49,HY
A,70,Y,CE2,A,71,F,CE2,4.49,HY
A,70,Y,CE2,A,71,F,CZ,3.95,HY
A,70,Y,O,A,74,Q,N,3.11,HB
A,70,Y,O,A,74,Q,NE2,3.81,HB
A,70,Y,CG,A,74,Q,CG,4.48,HY
A,70,Y,CD1,A,74,Q,CG,4.09,HY
A,70,Y,CE1,A,74,Q,CG,3.74,HY
A,70,Y,CE2,A,74,Q,CG,4.19,HY
A,71,F,O,A,75,G,N,3.54,HB
A,71,F,O,A,76,E,N,3.14,HB
A,71,F,CB,A,76,E,CB,4.36,HY
A,71,F,CB,A,76,E,CG,4.47,HY
A,71,F,CE2,A,106,V,CG1,4.26,HY
A,71,F,CE2,A,106,V,CG2,3.8,HY
A,71,F,CZ,A,106,V,CG1,4.09,HY
A,71,F,CZ,A,106,V,CG2,4.21,HY
A,71,F,CB,A,108,P,CG,4.16,HY
A,71,F,CG,A,108,P,CG,3.67,HY
A,71,F,CD1,A,108,P,CG,3.8,HY
A,71,F,CD2,A,108,P,CB,4.43,HY
A,71,F,CD2,A,108,P,CG,3.85,HY
A,71,F,CE1,A,108,P,CG,4.1,HY
A,71,F,CE2,A,108,P,CG,4.14,HY
A,71,F,CZ,A,108,P,CG,4.26,HY
A,76,E,CB,A,78,L,CG,4.37,HY
A,78,L,CB,A,82,R,CG,4.47,HY
A,78,L,CD1,A,108,P,CB,3.57,HY
A,78,L,CD1,A,108,P,CG,4.32,HY
A,78,L,CD1,A,109,W,CZ2,4.45,HY
A,78,L,CD2,A,109,W,CZ2,3.83,HY
A,79,P,CB,B,94,A,CB,3.94,HY
A,80,E,CG,A,82,R,CG,4.32,HY
A,80,E,OE1,A,82,R,NE,4.04,AT
A,80,E,OE1,A,85,D,OD2,5.31,RE
A,81,P,CG,B,58,V,CG1,4.23,HY
A,81,P,CB,B,60,K,CG,4.08,HY
A,81,P,O,B,94,A,N,3.81,HB
A,82,R,CB,A,85,D,CB,4.39,HY
A,82,R,NH1,A,85,D,OD1,3.27,SB
A,82,R,O,B,92,G,N,3.3,HB
A,83,F,CD2,A,84,V,CG2,3.76,HY
A,83,F,CE2,A,84,V,CG2,4.33,HY
A,83,F,CB,A,109,W,CE3,3.88,HY
A,83,F,CB,A,109,W,CZ3,3.87,HY
A,83,F,CG,A,109,W,CE3,4.2,HY
A,83,F,CD2,A,109,W,CE3,4.43,HY
A,83,F,CD1,B,91,F,CB,4.33,HY
A,83,F,CE1,B,91,F,CB,4.14,HY
A,83,F,CE1,B,91,F,CG,4.43,HY
A,83,F,CE1,B,91,F,CD2,4.17,HY
A,83,F,CZ,B,91,F,CB,4.35,HY
A,83,F,N,B,92,G,O,3.69,HB
A,83,F,O,B,92,G,N,3.31,HB
A,83,F,CD1,B,100,Y,CD2,4.14,HY
A,83,F,CD1,B,100,Y,CE2,4.19,HY
A,83,F,CE1,B,100,Y,CD2,4.19,HY
A,83,F,CE1,B,102,V,CG2,3.94,HY
A,83,F,CZ,B,102,V,CG1,4.45,HY
A,83,F,CZ,B,102,V,CG2,3.99,HY
A,83,F,CG,B,115,R,CB,4.32,HY
A,83,F,CG,B,115,R,CG,4.3,HY
A,83,F,CD1,B,115,R,CB,4.24,HY
A,83,F,CD1,B,115,R,CG,3.87,HY
A,83,F,CD2,B,115,R,CB,4.03,HY
A,83,F,CD2,B,115,R,CG,4.49,HY
A,83,F,CE1,B,115,R,CB,3.88,HY
A,83,F,CE1,B,115,R,CG,3.64,HY
A,83,F,CE2,B,115,R,CB,3.65,HY
A,83,F,CE2,B,115,R,CG,4.3,HY
A,83,F,CZ,B,115,R,CB,3.56,HY
A,83,F,CZ,B,115,R,CG,3.87,HY
A,84,V,CG1,A,87,V,CG2,3.67,HY
A,84,V,CG1,A,106,V,CG2,4.15,HY
A,84,V,N,A,108,P,O,3.63,HB
A,84,V,CG2,A,111,Y,CD2,4.31,HY
A,85,D,OD2,B,60,K,NZ,4.04,AT
A,87,V,CG1,A,89,I,CG1,4.22,HY
A,87,V,CB,A,104,L,CD2,4.45,HY
A,87,V,CG1,A,104,L,CD1,4.17,HY
A,87,V,CG1,A,104,L,CD2,4.44,HY
A,87,V,CG1,A,111,Y,CG,4.17,HY
A,87,V,CG1,A,111,Y,CD1,3.97,HY
A,87,V,CG1,A,111,Y,CD2,4.15,HY
A,87,V,CG1,A,111,Y,CE1,3.77,HY
A,87,V,CG1,A,111,Y,CE2,3.96,HY
A,87,V,CG2,A,111,Y,CD2,4.25,HY
A,87,V,CG2,A,111,Y,CE2,4.36,HY
A,88,V,CB,B,88,V,CG1,4.3,HY
A,88,V,CG1,B,88,V,CB,4.38,HY
A,88,V,CG1,B,88,V,CG1,4.13,HY
A,88,V,CG2,B,90,A,CB,4.38,HY
A,89,I,CG2,A,91,F,CD1,4.08,HY
A,89,I,CG2,A,102,V,CG1,3.95,HY
A,89,I,CD1,A,104,L,CB,4.32,HY
A,89,I,CD1,A,104,L,CD1,3.84,HY
A,89,I,CG2,A,113,T,CG2,4.09,HY
A,89,I,CD1,A,113,T,CG2,4.31,HY
A,90,A,CB,B,88,V,CG2,4.49,HY
A,91,F,CD2,A,93,I,CG1,4.26,HY
A,91,F,CE2,A,93,I,CG1,4.06,HY
A,91,F,CE2,A,93,I,CD1,4.17,HY
A,91,F,CD1,A,102,V,CG1,4.46,HY
A,91,F,CD2,A,102,V,CG2,4.4,HY
A,91,F,CE2,A,102,V,CG2,4.28,HY
A,91,F,CZ,A,102,V,CG2,4.34,HY
A,91,F,CB,B,83,F,CD1,4.15,HY
A,91,F,CB,B,83,F,CE1,3.94,HY
A,91,F,CB,B,83,F,CZ,4.18,HY
A,91,F,CG,B,83,F,CE1,4.24,HY
A,91,F,CD2,B,83,F,CD1,4.48,HY
A,91,F,CD2,B,83,F,CE1,4.09,HY
A,92,G,N,B,82,R,O,3.32,HB
A,92,G,N,B,83,F,O,3.14,HB
A,93,I,CB,A,100,Y,CE1,4.44,HY
A,93,I,CG1,A,100,Y,CG,4.23,HY
A,93,I,CG1,A,100,Y,CD1,4.21,HY
A,93,I,CG1,A,100,Y,CD2,4.38,HY
A,93,I,CG1,A,100,Y,CE1,4.36,HY
A,93,I,CG2,A,100,Y,CD1,4.16,HY
A,93,I,CG2,A,100,Y,CE1,3.7,HY
A,93,I,CD1,A,100,Y,CG,4.41,HY
A,93,I,CD1,A,100,Y,CD1,4.26,HY
A,94,A,N,A,100,Y,OH,3.37,HB
A,94,A,CB,B,79,P,CB,4.07,HY
A,95,D,CB,A,98,Q,CB,4.47,HY
A,95,D,CB,A,98,Q,CG,3.93,HY
A,95,D,N,A,100,Y,OH,3.36,HB
A,95,D,O,A,100,Y,OH,3.85,HB
A,98,Q,CB,A,100,Y,CE1,4.21,HY
A,99,N,O,A,115,R,NH2,3.4,HB
A,100,Y,OH,A,115,R,NH2,3.81,HB
A,100,Y,CD2,B,83,F,CD1,4.02,HY
A,100,Y,CD2,B,83,F,CE1,4.11,HY
A,100,Y,CE2,B,83,F,CD1,4.18,HY
A,101,H,O,A,116,G,N,2.84,HB
A,102,V,CG1,B,83,F,CZ,4.21,HY
A,102,V,CG2,B,83,F,CE1,3.94,HY
A,102,V,CG2,B,83,F,CZ,3.97,HY
A,103,P,O,A,113,T,OG1,2.76,HB
A,103,P,CG,A,114,Y,CD1,4.02,HY
A,103,P,CG,A,114,Y,CE1,3.44,HY
A,103,P,CG,A,114,Y,CE2,4.06,HY
A,104,L,CG,A,106,V,CB,3.95,HY
A,104,L,CG,A,106,V,CG1,4.2,HY
A,104,L,CD1,A,106,V,CB,4.35,HY
A,104,L,CD2,A,106,V,CB,4.22,HY
A,104,L,CD2,A,106,V,CG1,4.27,HY
A,104,L,CD1,A,111,Y,CB,3.91,HY
A,104,L,CD1,A,111,Y,CG,4.24,HY
A,104,L,CD1,A,111,Y,CD1,4.05,HY
A,105,V,N,A,112,S,O,3.03,HB
A,105,V,O,A,112,S,N,2.83,HB
A,105,V,O,A,112,S,OG,3.79,HB
A,105,V,CG2,A,114,Y,CE2,4.28,HY
A,105,V,CG1,C,114,Y,CD2,4.32,HY
A,105,V,CG2,C,114,Y,CE2,4.23,HY
A,106,V,CB,A,111,Y,CB,3.98,HY
A,106,V,CG2,A,111,Y,CB,3.93,HY
A,107,S,OG,D,11,I,O,2.75,HB
A,108,P,CB,A,109,W,CG,4.45,HY
A,109,W,O,B,115,R,N,2.95,HB
A,109,W,CB,B,115,R,CB,4.42,HY
A,109,W,CE3,B,115,R,CB,4.21,HY
A,109,W,CE3,B,115,R,CG,4.26,HY
A,109,W,NE1,D,12,T,O,3.43,HB
A,109,W,NE1,D,13,K,O,3.68,HB
A,110,A,CB,B,114,Y,CB,3.65,HY
A,110,A,CB,D,11,I,CB,3.91,HY
A,110,A,CB,D,11,I,CG2,3.67,HY
A,110,A,CB,D,11,I,CD1,4.38,HY
A,111,Y,CE1,B,89,I,CD1,4.44,HY
A,111,Y,CE1,B,111,Y,CE1,4.49,HY
A,111,Y,CG,B,113,T,CG2,4.29,HY
A,111,Y,CD1,B,113,T,CG2,4.24,HY
A,111,Y,CD2,B,113,T,CG2,3.93,HY
A,111,Y,CE1,B,113,T,CG2,3.85,HY
A,111,Y,CE2,B,113,T,CG2,3.51,HY
A,113,T,CG2,B,111,Y,CG,4.22,HY
A,113,T,CG2,B,111,Y,CD1,4.19,HY
A,113,T,CG2,B,111,Y,CD2,3.9,HY
A,113,T,CG2,B,111,Y,CE1,3.83,HY
A,113,T,CG2,B,111,Y,CE2,3.51,HY
A,114,Y,CB,B,110,A,CB,3.58,HY
A,114,Y,CB,C,9,L,CD2,4.24,HY
A,114,Y,CG,C,9,L,CD2,3.89,HY
A,114,Y,CD1,C,9,L,CD2,3.34,HY
A,114,Y,CE1,C,9,L,CD2,3.81,HY
A,114,Y,CB,C,11,I,CG2,4.46,HY
A,114,Y,CD2,C,105,V,CG1,4.49,HY
A,114,Y,CE2,C,105,V,CG2,4.08,HY
A,115,R,CB,B,83,F,CD1,4.41,HY
A,115,R,CB,B,83,F,CD2,4.21,HY
A,115,R,CB,B,83,F,CE1,3.97,HY
A,115,R,CB,B,83,F,CE2,3.76,HY
A,115,R,CB,B,83,F,CZ,3.62,HY
A,115,R,CG,B,83,F,CE1,4.36,HY
A,115,R,CG,B,83,F,CZ,4.45,HY
A,115,R,N,B,109,W,O,3.07,HB
A,115,R,CB,B,109,W,CE3,4.48,HY
A,117,S,OG,C,7,H,NE2,2.9,HB
A,117,S,OG,C,43,D,O,3.53,HB
A,117,S,OG,C,43,D,OD1,3.06,HB
A,117,S,O,C,45,R,NH2,3.66,HB
B,2,G,O,B,53,G,N,3.47,HB
B,2,G,N,B,96,A,O,3.4,HB
B,2,G,N,B,97,S,O,3.75,HB
B,3,K,CB,B,49,P,CB,4.46,HY
B,3,K,CD,B,49,P,CB,4.49,HY
B,3,K,CD,B,49,P,CG,3.99,HY
B,3,K,CG,B,52,A,CB,4.25,HY
B,3,K,N,B,99,N,OD1,2.99,HB
B,3,K,O,B,100,Y,N,2.74,HB
B,4,L,CD2,B,24,L,CD1,4.23,HY
B,4,L,CD2,B,24,L,CD2,3.83,HY
B,4,L,O,B,50,L,N,2.84,HB
B,4,L,CG,B,50,L,CB,4.23,HY
B,4,L,CG,B,50,L,CD1,4.43,HY
B,4,L,CD2,B,50,L,CB,4.3,HY
B,4,L,N,B,51,L,O,2.85,HB
B,4,L,O,B,51,L,N,3.49,HB
B,4,L,CB,B,51,L,CB,4.03,HY
B,4,L,CD2,B,51,L,CG,4.41,HY
B,4,L,CD2,B,51,L,CD1,4.24,HY
B,4,L,CB,B,56,L,CD1,3.78,HY
B,4,L,CD1,B,91,F,CE2,4.11,HY
B,4,L,CD1,B,91,F,CZ,4.16,HY
B,4,L,CD2,B,91,F,CE2,4.34,HY
B,4,L,CD2,B,91,F,CZ,4.01,HY
B,4,L,CD2,B,93,I,CD1,4.48,HY
B,4,L,CD1,B,100,Y,CB,3.81,HY
B,4,L,CD1,B,102,V,CG2,4.08,HY
B,5,S,N,B,100,Y,O,2.94,HB
B,5,S,OG,B,100,Y,O,3.77,HB
B,5,S,OG,B,101,H,ND1,2.81,HB
B,5,S,O,B,102,V,N,2.97,HB
B,6,T,CG2,B,22,L,CD2,4.11,HY
B,6,T,CG2,B,50,L,CD1,3.78,HY
B,6,T,CG2,B,65,F,CE2,4.43,HY
B,6,T,OG1,B,102,V,O,2.64,HB
B,7,H,ND1,B,43,D,O,3.55,HB
B,7,H,ND1,B,43,D,OD2,5.56,uAT
B,7,H,ND1,B,44,G,O,3.34,HB
B,7,H,CB,B,45,R,CG,4.38,HY
B,7,H,ND1,B,45,R,NE,4.71,uRE
B,7,H,CB,B,103,P,CB,3.88,HY
B,7,H,O,B,104,L,N,2.6,HB
B,8,V,O,B,17,G,N,2.84,HB
B,8,V,CB,B,20,V,CG2,4.36,HY
B,8,V,CG1,B,20,V,CG2,3.85,HY
B,8,V,CG2,B,20,V,CB,4.43,HY
B,8,V,CG2,B,20,V,CG1,4.43,HY
B,8,V,CB,B,40,T,CG2,4.21,HY
B,8,V,CG2,B,40,T,CG2,3.78,HY
B,8,V,N,B,44,G,O,2.89,HB
B,8,V,CG2,B,65,F,CD2,3.78,HY
B,8,V,CG2,B,65,F,CE2,3.67,HY
B,8,V,CG2,B,104,L,CB,4.43,HY
B,8,V,CG1,B,106,V,CG1,4.38,HY
B,9,L,CG,B,11,I,CG2,4.28,HY
B,9,L,CD2,B,11,I,CG2,3.75,HY
B,9,L,N,B,104,L,O,2.8,HB
B,9,L,CB,B,105,V,CG2,4.42,HY
B,9,L,O,B,106,V,N,3.06,HB
B,9,L,CD2,D,114,Y,CB,4.19,HY
B,9,L,CD2,D,114,Y,CG,3.82,HY
B,9,L,CD2,D,114,Y,CD1,3.31,HY
B,9,L,CD2,D,114,Y,CE1,3.76,HY
B,10,D,OD2,B,13,K,NZ,5.18,AT
B,10,D,O,B,14,G,N,2.93,HB
B,10,D,N,B,15,K,O,2.8,HB
B,10,D,O,B,15,K,N,3.17,HB
B,10,D,CB,B,70,Y,CE2,4.2,HY
B,10,D,OD2,B,70,Y,OH,2.61,HB
B,11,I,CG2,B,105,V,CG1,3.46,HY
B,11,I,CD1,B,105,V,CG1,4.33,HY
B,11,I,N,B,106,V,O,3.22,HB
B,11,I,CD1,C,11,I,CD1,3.68,HY
B,11,I,O,C,107,S,OG,2.69,HB
B,11,I,CB,C,110,A,CB,3.9,HY
B,11,I,CG2,C,110,A,CB,3.95,HY
B,11,I,CD1,C,110,A,CB,4.29,HY
B,12,T,CG2,B,71,F,CE1,4.23,HY
B,12,T,O,C,109,W,NE1,3.34,HB
B,13,K,CB,B,15,K,CG,4.46,HY
B,13,K,CB,B,15,K,CD,4.31,HY
B,13,K,NZ,B,74,Q,O,3.66,HB
B,13,K,O,C,109,W,NE1,3.46,HB
B,14,G,O,D,115,R,NE,3.88,HB
B,14,G,O,D,115,R,NH1,3.84,HB
B,17,G,O,B,40,T,OG1,2.72,HB
B,19,G,N,B,40,T,O,3.33,HB
B,19,G,N,B,40,T,OG1,3.06,HB
B,20,V,N,B,40,T,OG1,2.78,HB
B,20,V,O,B,40,T,N,2.96,HB
B,20,V,O,B,40,T,OG1,3.64,HB
B,20,V,CB,B,40,T,CG2,3.95,HY
B,20,V,CG1,B,65,F,CB,4.49,HY
B,20,V,CG1,B,65,F,CD2,4.39,HY
B,20,V,CG2,B,70,Y,CB,4.22,HY
B,20,V,CG2,B,70,Y,CG,3.96,HY
B,20,V,CG2,B,70,Y,CD1,3.78,HY
B,20,V,CG2,B,70,Y,CE1,4.28,HY
B,21,K,CB,B,39,V,CG2,4.43,HY
B,21,K,CG,B,39,V,CG2,3.88,HY
B,21,K,O,B,66,A,N,2.91,HB
B,21,K,CB,B,66,A,CB,4.38,HY
B,22,L,N,B,38,A,O,2.81,HB
B,22,L,O,B,38,A,N,3.08,HB
B,22,L,CG,B,38,A,CB,4.23,HY
B,22,L,CD1,B,38,A,CB,3.86,HY
B,22,L,CD2,B,40,T,CG2,4.17,HY
B,22,L,CD1,B,50,L,CD2,3.66,HY
B,22,L,CD1,B,63,L,CD2,4.37,HY
B,22,L,CB,B,65,F,CD2,4.05,HY
B,22,L,CB,B,65,F,CE2,4.29,HY
B,22,L,CD2,B,65,F,CD2,4.38,HY
B,22,L,CD2,B,65,F,CE2,4.01,HY
B,23,A,CB,B,25,Y,CD1,4.29,HY
B,23,A,CB,B,25,Y,CE1,3.65,HY
B,23,A,CB,B,34,L,CD1,3.96,HY
B,23,A,CB,B,37,Q,CG,4.35,HY
B,23,A,N,B,64,V,O,2.91,HB
B,23,A,O,B,64,V,N,2.92,HB
B,24,L,O,B,35,L,N,2.72,HB
B,24,L,CB,B,35,L,CB,4.4,HY
B,24,L,CG,B,35,L,CB,4.17,HY
B,24,L,CG,B,35,L,CG,4.48,HY
B,24,L,CG,B,35,L,CD1,4.07,HY
B,24,L,CD2,B,35,L,CB,4.34,HY
B,24,L,CD2,B,35,L,CD1,4.13,HY
B,24,L,N,B,36,K,O,2.85,HB
B,24,L,O,B,36,K,N,3.36,HB
B,24,L,CD2,B,50,L,CB,3.99,HY
B,24,L,CD2,B,51,L,CG,3.61,HY
B,24,L,CD2,B,51,L,CD1,3.85,HY
B,24,L,CD2,B,51,L,CD2,4.26,HY
B,24,L,CD1,B,61,Y,CB,4.06,HY
B,24,L,CD1,B,61,Y,CD2,4.3,HY
B,24,L,CB,B,63,L,CD2,3.86,HY
B,24,L,CG,B,63,L,CD2,4.34,HY
B,24,L,CD1,B,63,L,CG,3.92,HY
B,24,L,CD1,B,63,L,CD2,3.71,HY
B,25,Y,CB,B,32,K,CB,4.48,HY
B,25,Y,CD2,B,32,K,CB,4.13,HY
B,25,Y,CD1,B,34,L,CD1,4.42,HY
B,25,Y,CD2,B,34,L,CB,4.06,HY
B,25,Y,CD2,B,34,L,CD1,4.47,HY
B,25,Y,CE1,B,34,L,CD1,3.95,HY
B,25,Y,CE2,B,34,L,CB,3.63,HY
B,25,Y,CE2,B,34,L,CG,4.42,HY
B,25,Y,CE2,B,34,L,CD1,4.01,HY
B,25,Y,N,B,62,E,O,2.92,HB
B,25,Y,O,B,62,E,N,2.98,HB
B,25,Y,CD1,B,64,V,CG2,4.38,HY
B,26,A,N,B,33,T,O,2.85,HB
B,26,A,O,B,33,T,N,2.93,HB
B,26,A,CB,B,35,L,CG,4.07,HY
B,26,A,CB,B,35,L,CD1,3.93,HY
B,26,A,CB,B,35,L,CD2,3.94,HY
B,26,A,CB,B,61,Y,CD2,4.49,HY
B,26,A,CB,B,61,Y,CE2,4.48,HY
B,27,V,CG2,B,32,K,CG,4.33,HY
B,27,V,N,B,60,K,O,2.95,HB
B,27,V,CB,B,60,K,CB,4.02,HY
B,27,V,CG2,B,62,E,CB,4.15,HY
B,27,V,CG2,B,62,E,CG,3.56,HY
B,29,P,CB,B,30,V,CG1,4.41,HY
B,32,K,NZ,B,62,E,OE1,2.91,SB
B,32,K,NZ,B,62,E,OE1,2.91,HB
B,32,K,NZ,B,62,E,OE2,3.25,HB
B,34,L,CG,B,37,Q,CG,4.41,HY
B,34,L,CD1,B,37,Q,CG,3.91,HY
B,34,L,CD2,B,37,Q,CG,3.87,HY
B,35,L,CD1,B,51,L,CD1,4.02,HY
B,35,L,CD1,B,51,L,CD2,4.3,HY
B,35,L,CD1,B,61,Y,CD2,3.77,HY
B,35,L,CD1,B,61,Y,CE2,3.63,HY
B,36,K,NZ,B,48,E,OE1,3.47,SB
B,36,K,NZ,B,48,E,OE1,3.47,HB
B,36,K,NZ,B,49,P,O,3.02,HB
B,41,N,N,B,45,R,O,2.65,HB
B,41,N,OD1,B,45,R,N,3.05,HB
B,41,N,ND2,B,45,R,O,3.29,HB
B,41,N,ND2,B,47,D,OD1,2.86,HB
B,43,D,OD2,B,45,R,NE,2.98,SB
B,45,R,NE,B,101,H,NE2,5.96,uRE
B,45,R,NH1,B,101,H,NE2,3.82,HB
B,45,R,NH2,D,45,R,NH2,5.53,RE
B,49,P,CB,B,52,A,CB,4.21,HY
B,49,P,CG,B,52,A,CB,4.44,HY
B,50,L,CD1,B,63,L,CG,4.4,HY
B,50,L,CD1,B,63,L,CD1,3.91,HY
B,50,L,CD1,B,63,L,CD2,3.76,HY
B,51,L,CD2,B,55,A,CB,3.69,HY
B,51,L,CB,B,56,L,CB,4.26,HY
B,51,L,CB,B,56,L,CD1,3.69,HY
B,51,L,CG,B,56,L,CD1,4.5,HY
B,51,L,CD1,B,56,L,CD1,3.97,HY
B,51,L,CD1,B,61,Y,CD2,4.26,HY
B,51,L,CD1,B,61,Y,CE2,3.63,HY
B,56,L,CG,B,93,I,CD1,4.46,HY
B,56,L,CD1,B,93,I,CD1,3.6,HY
B,57,Q,N,B,61,Y,OH,3.31,HB
B,57,Q,O,B,61,Y,OH,2.41,HB
B,58,V,CG2,B,96,A,CB,4.35,HY
B,59,G,N,B,93,I,O,3.17,HB
B,59,G,O,B,93,I,N,2.88,HB
B,61,Y,N,B,91,F,O,2.83,HB
B,61,Y,O,B,91,F,N,3.06,HB
B,61,Y,CB,B,91,F,CE1,4.1,HY
B,61,Y,CB,B,91,F,CE2,4.1,HY
B,61,Y,CB,B,91,F,CZ,3.81,HY
B,61,Y,CD1,B,91,F,CE2,4.41,HY
B,61,Y,CD1,B,93,I,CB,4.36,HY
B,61,Y,CD1,B,93,I,CG1,4.05,HY
B,61,Y,CD1,B,93,I,CD1,4.01,HY
B,61,Y,CE1,B,93,I,CB,3.91,HY
B,61,Y,CE1,B,93,I,CG1,3.96,HY
B,61,Y,CE1,B,93,I,CD1,3.77,HY
B,62,E,CG,B,88,V,CG1,4.38,HY
B,62,E,CG,B,90,A,CB,3.88,HY
B,63,L,CB,B,65,F,CD1,4.5,HY
B,63,L,CB,B,65,F,CE1,3.71,HY
B,63,L,CB,B,65,F,CZ,4.19,HY
B,63,L,CD1,B,65,F,CE1,4.37,HY
B,63,L,CD1,B,65,F,CZ,4.1,HY
B,63,L,N,B,89,I,O,2.87,HB
B,63,L,O,B,89,I,N,2.76,HB
B,63,L,CB,B,89,I,CB,4.37,HY
B,63,L,CB,B,91,F,CE1,4.2,HY
B,63,L,CG,B,91,F,CE1,3.95,HY
B,63,L,CG,B,91,F,CZ,4.36,HY
B,63,L,CD1,B,91,F,CE1,4.12,HY
B,63,L,CD1,B,91,F,CZ,4.37,HY
B,64,V,CG1,B,86,E,CB,4.14,HY
B,64,V,CG1,B,88,V,CG2,4.48,HY
B,64,V,CG2,B,88,V,CG2,4.11,HY
B,65,F,N,B,87,V,O,2.87,HB
B,65,F,O,B,87,V,N,2.83,HB
B,65,F,CB,B,87,V,CB,4.37,HY
B,65,F,CD1,B,89,I,CG1,4.45,HY
B,65,F,CE1,B,89,I,CG1,4.17,HY
B,65,F,CB,B,104,L,CD2,3.84,HY
B,65,F,CG,B,104,L,CD2,3.6,HY
B,65,F,CD1,B,104,L,CD2,3.77,HY
B,65,F,CD2,B,104,L,CD2,3.97,HY
B,65,F,CE1,B,104,L,CB,4.42,HY
B,65,F,CE1,B,104,L,CD2,4.3,HY
B,65,F,CE2,B,104,L,CD2,4.47,HY
B,65,F,CZ,B,104,L,CB,4.33,HY
B,66,A,CB,B,69,D,CB,4.39,HY
B,66,A,O,B,70,Y,N,3.27,HB
B,67,A,O,B,71,F,N,2.96,HB
B,67,A,CB,B,71,F,CE2,4.31,HY
B,67,A,CB,B,84,V,CG1,3.97,HY
B,67,A,N,B,85,D,O,2.91,HB
B,67,A,CB,B,87,V,CG2,3.96,HY
B,67,A,CB,B,106,V,CG2,4.47,HY
B,68,G,O,B,72,A,N,2.99,HB
B,68,G,O,B,82,R,NH1,3.47,HB
B,68,G,N,B,85,D,O,2.67,HB
B,68,G,N,B,85,D,OD1,3.89,HB
B,69,D,O,B,73,A,N,3.1,HB
B,69,D,OD1,B,82,R,CZ,3.88,SB
B,69,D,OD1,B,82,R,NH1,3.02,HB
B,69,D,OD1,B,82,R,NH2,3.83,HB
B,69,D,OD1,B,85,D,OD1,4.22,RE
B,70,Y,CD2,B,71,F,CG,4.04,HY
B,70,Y,CD2,B,71,F,CD1,3.98,HY
B,70,Y,CD2,B,71,F,CD2,4.21,HY
B,70,Y,CD2,B,71,F,CE1,4.09,HY
B,70,Y,CD2,B,71,F,CE2,4.31,HY
B,70,Y,CD2,B,71,F,CZ,4.26,HY
B,70,Y,CE2,B,71,F,CD1,3.99,HY
B,70,Y,CE2,B,71,F,CE1,3.85,HY
B,70,Y,CE2,B,71,F,CZ,4.24,HY
B,70,Y,O,B,74,Q,N,3.14,HB
B,70,Y,CG,B,74,Q,CG,4.47,HY
B,70,Y,CD1,B,74,Q,CG,4.2,HY
B,70,Y,CD2,B,74,Q,CG,4.37,HY
B,70,Y,CE1,B,74,Q,CG,3.82,HY
B,70,Y,CE2,B,74,Q,CG,4.01,HY
B,71,F,O,B,75,G,N,3.39,HB
B,71,F,O,B,76,E,N,2.99,HB
B,71,F,CB,B,76,E,CB,4.2,HY
B,71,F,CE2,B,106,V,CG1,4.49,HY
B,71,F,CE2,B,106,V,CG2,4.03,HY
B,71,F,CZ,B,106,V,CG1,4.25,HY
B,71,F,CZ,B,106,V,CG2,4.29,HY
B,71,F,CB,B,108,P,CG,4.34,HY
B,71,F,CG,B,108,P,CB,4.48,HY
B,71,F,CG,B,108,P,CG,3.7,HY
B,71,F,CD1,B,108,P,CG,3.58,HY
B,71,F,CD2,B,108,P,CB,4.41,HY
B,71,F,CD2,B,108,P,CG,3.95,HY
B,71,F,CE1,B,108,P,CG,3.74,HY
B,71,F,CE2,B,108,P,CG,4.09,HY
B,71,F,CZ,B,108,P,CG,3.99,HY
B,76,E,CG,B,78,L,CG,3.47,HY
B,76,E,CG,B,78,L,CD1,3.7,HY
B,76,E,CG,B,78,L,CD2,3.87,HY
B,76,E,CG,B,108,P,CG,4.29,HY
B,78,L,CD1,B,108,P,CB,3.63,HY
B,78,L,CD1,B,108,P,CG,4.46,HY
B,78,L,CD1,B,109,W,CZ2,4.31,HY
B,78,L,CD2,B,109,W,CZ2,3.83,HY
B,80,E,OE2,B,82,R,NE,3.82,SB
B,82,R,NH1,B,85,D,OD1,2.75,SB
B,83,F,CD2,B,84,V,CG2,3.83,HY
B,83,F,CE2,B,84,V,CG2,4.43,HY
B,83,F,CB,B,109,W,CE3,3.99,HY
B,83,F,CB,B,109,W,CZ3,3.94,HY
B,83,F,CG,B,109,W,CE3,4.31,HY
B,83,F,CD2,B,109,W,CE3,4.45,HY
B,84,V,CG1,B,87,V,CG2,3.66,HY
B,84,V,CG1,B,106,V,CG2,4.27,HY
B,84,V,N,B,108,P,O,3.75,HB
B,84,V,CG2,B,111,Y,CD2,4.33,HY
B,85,D,OD1,B,86,E,OE2,5.75,RE
B,87,V,CG1,B,89,I,CG1,4.16,HY
B,87,V,CG1,B,89,I,CD1,3.89,HY
B,87,V,CB,B,104,L,CD2,4.45,HY
B,87,V,CG1,B,104,L,CD1,4.04,HY
B,87,V,CG1,B,104,L,CD2,4.46,HY
B,87,V,CG1,B,111,Y,CG,4.05,HY
B,87,V,CG1,B,111,Y,CD1,3.74,HY
B,87,V,CG1,B,111,Y,CD2,4.18,HY
B,87,V,CG1,B,111,Y,CE1,3.61,HY
B,87,V,CG1,B,111,Y,CE2,4.06,HY
B,87,V,CG2,B,111,Y,CD2,4.18,HY
B,87,V,CG2,B,111,Y,CE2,4.32,HY
B,89,I,CG2,B,91,F,CD1,4.15,HY
B,89,I,CG2,B,102,V,CG1,4.04,HY
B,89,I,CD1,B,111,Y,CD1,4.29,HY
B,89,I,CD1,B,111,Y,CE1,3.98,HY
B,89,I,CG2,B,113,T,CG2,4.05,HY
B,89,I,CD1,B,113,T,CG2,4.07,HY
B,91,F,CD2,B,93,I,CG1,4.27,HY
B,91,F,CE2,B,93,I,CG1,4.05,HY
B,91,F,CE2,B,93,I,CD1,4.15,HY
B,91,F,CD2,B,102,V,CG2,4.4,HY
B,91,F,CE2,B,102,V,CG2,4.27,HY
B,91,F,CZ,B,102,V,CG2,4.47,HY
B,93,I,CB,B,100,Y,CE1,4.29,HY
B,93,I,CG1,B,100,Y,CG,4.07,HY
B,93,I,CG1,B,100,Y,CD1,4.1,HY
B,93,I,CG1,B,100,Y,CD2,4.19,HY
B,93,I,CG1,B,100,Y,CE1,4.26,HY
B,93,I,CG1,B,100,Y,CE2,4.34,HY
B,93,I,CG2,B,100,Y,CD1,3.95,HY
B,93,I,CG2,B,100,Y,CE1,3.49,HY
B,93,I,CD1,B,100,Y,CB,4.43,HY
B,93,I,CD1,B,100,Y,CG,4.22,HY
B,93,I,CD1,B,100,Y,CD1,4.15,HY
B,94,A,N,B,100,Y,OH,3.35,HB
B,95,D,CB,B,98,Q,CG,3.8,HY
B,95,D,N,B,100,Y,OH,3.23,HB
B,95,D,O,B,100,Y,OH,3.77,HB
B,98,Q,CB,B,100,Y,CE1,4.1,HY
B,98,Q,OE1,B,115,R,NH2,3.07,HB
B,99,N,O,B,115,R,NE,3.87,HB
B,99,N,O,B,115,R,NH2,3.19,HB
B,100,Y,CD2,B,115,R,CG,4.31,HY
B,101,H,O,B,116,G,N,2.66,HB
B,103,P,O,B,113,T,OG1,2.88,HB
B,103,P,CG,B,114,Y,CG,4.4,HY
B,103,P,CG,B,114,Y,CD1,3.89,HY
B,103,P,CG,B,114,Y,CD2,4.43,HY
B,103,P,CG,B,114,Y,CE1,3.37,HY
B,103,P,CG,B,114,Y,CE2,3.98,HY
B,104,L,CG,B,106,V,CB,3.89,HY
B,104,L,CG,B,106,V,CG1,4.13,HY
B,104,L,CD1,B,106,V,CB,4.24,HY
B,104,L,CD2,B,106,V,CB,4.2,HY
B,104,L,CD2,B,106,V,CG1,4.22,HY
B,104,L,CD1,B,111,Y,CB,3.84,HY
B,104,L,CD1,B,111,Y,CG,4.26,HY
B,104,L,CD1,B,111,Y,CD1,4.08,HY
B,105,V,N,B,112,S,O,3.01,HB
B,105,V,O,B,112,S,N,2.88,HB
B,105,V,O,B,112,S,OG,3.86,HB
B,105,V,CG1,D,114,Y,CD2,4.21,HY
B,105,V,CG2,D,114,Y,CD2,4.36,HY
B,105,V,CG2,D,114,Y,CE2,3.88,HY
B,106,V,CB,B,111,Y,CB,3.98,HY
B,106,V,CG2,B,111,Y,CB,3.83,HY
B,107,S,OG,C,11,I,O,2.76,HB
B,108,P,CB,B,109,W,CG,4.41,HY
B,109,W,NE1,C,12,T,O,3.36,HB
B,109,W,NE1,C,13,K,O,3.8,HB
B,110,A,CB,C,11,I,CB,3.9,HY
B,110,A,CB,C,11,I,CG2,3.62,HY
B,110,A,CB,C,11,I,CD1,4.4,HY
B,114,Y,CB,D,9,L,CD2,3.94,HY
B,114,Y,CG,D,9,L,CD2,3.6,HY
B,114,Y,CD1,D,9,L,CD2,3.3,HY
B,114,Y,CD2,D,9,L,CD2,4.31,HY
B,114,Y,CE1,D,9,L,CD2,3.79,HY
B,114,Y,CD2,D,105,V,CG1,4.1,HY
B,114,Y,CD2,D,105,V,CG2,4.26,HY
B,114,Y,CE2,D,105,V,CG2,3.89,HY
B,117,S,OG,D,7,H,NE2,3.31,HB
B,117,S,OG,D,43,D,O,3.76,HB
B,117,S,OG,D,43,D,OD1,3.17,HB
C,2,G,O,C,53,G,N,3.55,HB
C,2,G,N,C,96,A,O,3.85,HB
C,2,G,N,C,97,S,O,3.85,HB
C,3,K,CB,C,49,P,CB,4.12,HY
C,3,K,CD,C,49,P,CB,4.48,HY
C,3,K,CD,C,49,P,CG,4.2,HY
C,3,K,CB,C,52,A,CB,4.17,HY
C,3,K,N,C,99,N,OD1,2.91,HB
C,3,K,O,C,100,Y,N,3.03,HB
C,4,L,CD2,C,24,L,CD1,4.0,HY
C,4,L,CD2,C,24,L,CD2,3.78,HY
C,4,L,O,C,50,L,N,2.94,HB
C,4,L,CG,C,50,L,CB,4.27,HY
C,4,L,CD2,C,50,L,CB,4.11,HY
C,4,L,CD2,C,50,L,CD1,4.49,HY
C,4,L,N,C,51,L,O,2.74,HB
C,4,L,O,C,51,L,N,3.47,HB
C,4,L,CB,C,51,L,CB,3.97,HY
C,4,L,CD2,C,51,L,CB,4.46,HY
C,4,L,CD2,C,51,L,CG,4.36,HY
C,4,L,CD2,C,51,L,CD1,4.1,HY
C,4,L,CB,C,56,L,CD1,3.68,HY
C,4,L,CD1,C,91,F,CE2,3.82,HY
C,4,L,CD1,C,91,F,CZ,3.83,HY
C,4,L,CD2,C,91,F,CZ,4.18,HY
C,4,L,CD1,C,100,Y,CB,3.96,HY
C,4,L,CD1,C,102,V,CG2,4.12,HY
C,5,S,N,C,100,Y,O,3.12,HB
C,5,S,O,C,101,H,ND1,3.85,HB
C,5,S,OG,C,101,H,ND1,2.94,HB
C,5,S,O,C,102,V,N,3.08,HB
C,6,T,CG2,C,22,L,CD2,4.07,HY
C,6,T,CG2,C,50,L,CD1,3.86,HY
C,6,T,CG2,C,65,F,CE2,4.4,HY
C,6,T,OG1,C,102,V,O,2.79,HB
C,7,H,NE2,C,43,D,O,3.04,HB
C,7,H,NE2,C,43,D,OD1,4.93,uAT
C,7,H,CB,C,45,R,CG,4.29,HY
C,7,H,ND1,C,45,R,NE,4.65,uRE
C,7,H,ND1,C,101,H,NE2,4.83,uRE
C,7,H,CB,C,103,P,CB,4.03,HY
C,7,H,O,C,104,L,N,2.75,HB
C,8,V,O,C,17,G,N,2.72,HB
C,8,V,CB,C,20,V,CG2,4.35,HY
C,8,V,CG1,C,20,V,CG2,3.9,HY
C,8,V,CG2,C,20,V,CB,4.42,HY
C,8,V,CG2,C,20,V,CG1,4.39,HY
C,8,V,CB,C,40,T,CG2,4.35,HY
C,8,V,CG2,C,40,T,CG2,3.9,HY
C,8,V,N,C,44,G,O,2.87,HB
C,8,V,CG2,C,65,F,CD2,3.68,HY
C,8,V,CG2,C,65,F,CE2,3.74,HY
C,8,V,CG2,C,104,L,CB,4.48,HY
C,8,V,CG1,C,106,V,CG1,4.17,HY
C,9,L,CG,C,11,I,CG2,4.47,HY
C,9,L,CD2,C,11,I,CG2,3.73,HY
C,9,L,N,C,104,L,O,2.93,HB
C,9,L,CD2,C,105,V,CG1,4.34,HY
C,9,L,O,C,106,V,N,3.12,HB
C,10,D,OD2,C,13,K,NZ,5.28,AT
C,10,D,O,C,14,G,N,2.85,HB
C,10,D,N,C,15,K,O,2.8,HB
C,10,D,O,C,15,K,N,3.15,HB
C,10,D,CB,C,70,Y,CE2,4.14,HY
C,10,D,OD2,C,70,Y,OH,2.78,HB
C,11,I,CG2,C,105,V,CG1,3.51,HY
C,11,I,CD1,C,105,V,CG1,4.13,HY
C,11,I,N,C,106,V,O,3.26,HB
C,12,T,CG2,C,71,F,CE1,4.32,HY
C,13,K,CB,C,15,K,CG,4.41,HY
C,13,K,CB,C,15,K,CD,4.23,HY
C,13,K,NZ,C,76,E,OE2,5.11,AT
C,16,P,CB,C,18,V,CG2,4.43,HY
C,17,G,O,C,40,T,OG1,2.57,HB
C,19,G,N,C,40,T,O,3.14,HB
C,19,G,N,C,40,T,OG1,3.08,HB
C,20,V,N,C,40,T,OG1,2.95,HB
C,20,V,O,C,40,T,N,3.2,HB
C,20,V,O,C,40,T,OG1,3.85,HB
C,20,V,CB,C,40,T,CG2,4.06,HY
C,20,V,CG1,C,65,F,CB,4.44,HY
C,20,V,CG2,C,70,Y,CB,3.98,HY
C,20,V,CG2,C,70,Y,CG,3.78,HY
C,20,V,CG2,C,70,Y,CD1,3.71,HY
C,20,V,CG2,C,70,Y,CD2,4.41,HY
C,20,V,CG2,C,70,Y,CE1,4.28,HY
C,21,K,CG,C,39,V,CG2,4.24,HY
C,21,K,O,C,66,A,N,2.93,HB
C,21,K,CB,C,66,A,CB,4.35,HY
C,22,L,N,C,38,A,O,2.9,HB
C,22,L,O,C,38,A,N,2.97,HB
C,22,L,CG,C,38,A,CB,4.19,HY
C,22,L,CD1,C,38,A,CB,3.86,HY
C,22,L,CD2,C,40,T,CG2,3.83,HY
C,22,L,CD1,C,50,L,CD1,4.29,HY
C,22,L,CD1,C,50,L,CD2,3.7,HY
C,22,L,CD1,C,63,L,CD2,4.29,HY
C,22,L,CB,C,65,F,CD2,4.18,HY
C,22,L,CD2,C,65,F,CD2,4.3,HY
C,22,L,CD2,C,65,F,CE2,4.17,HY
C,23,A,CB,C,25,Y,CD1,4.44,HY
C,23,A,CB,C,25,Y,CE1,3.63,HY
C,23,A,CB,C,34,L,CD1,3.96,HY
C,23,A,CB,C,37,Q,CG,4.21,HY
C,23,A,N,C,64,V,O,3.03,HB
C,23,A,O,C,64,V,N,2.97,HB
C,24,L,O,C,35,L,N,2.72,HB
C,24,L,CB,C,35,L,CB,4.47,HY
C,24,L,CG,C,35,L,CB,4.32,HY
C,24,L,CG,C,35,L,CD1,4.35,HY
C,24,L,CD2,C,35,L,CB,4.33,HY
C,24,L,CD2,C,35,L,CD1,4.21,HY
C,24,L,N,C,36,K,O,2.82,HB
C,24,L,O,C,36,K,N,3.47,HB
C,24,L,CD2,C,50,L,CB,4.24,HY
C,24,L,CD2,C,51,L,CG,3.63,HY
C,24,L,CD2,C,51,L,CD1,3.69,HY
C,24,L,CD2,C,51,L,CD2,4.34,HY
C,24,L,CG,C,61,Y,CD2,4.5,HY
C,24,L,CD1,C,61,Y,CB,4.19,HY
C,24,L,CD1,C,61,Y,CD2,4.22,HY
C,24,L,CB,C,63,L,CD2,4.13,HY
C,24,L,CG,C,63,L,CD2,4.5,HY
C,24,L,CD1,C,63,L,CG,4.0,HY
C,24,L,CD1,C,63,L,CD2,3.7,HY
C,25,Y,CB,C,32,K,CB,4.35,HY
C,25,Y,CD2,C,32,K,CB,4.34,HY
C,25,Y,CD2,C,34,L,CB,4.12,HY
C,25,Y,CE2,C,34,L,CB,3.89,HY
C,25,Y,CE2,C,34,L,CD1,4.17,HY
C,25,Y,N,C,62,E,O,2.91,HB
C,25,Y,O,C,62,E,N,2.85,HB
C,25,Y,CB,C,62,E,CB,4.29,HY
C,25,Y,CD1,C,64,V,CG2,3.92,HY
C,25,Y,CE1,C,64,V,CB,4.26,HY
C,25,Y,CE1,C,64,V,CG2,3.78,HY
C,26,A,N,C,33,T,O,2.85,HB
C,26,A,O,C,33,T,N,2.91,HB
C,26,A,CB,C,35,L,CG,4.02,HY
C,26,A,CB,C,35,L,CD1,3.75,HY
C,26,A,CB,C,35,L,CD2,4.32,HY
C,26,A,CB,C,61,Y,CE2,4.44,HY
C,27,V,CG1,C,32,K,CG,4.43,HY
C,27,V,CG2,C,32,K,CG,4.39,HY
C,27,V,N,C,60,K,O,2.85,HB
C,27,V,CB,C,60,K,CB,4.14,HY
C,27,V,CG2,C,62,E,CB,4.13,HY
C,27,V,CG2,C,62,E,CG,3.7,HY
C,29,P,CB,C,30,V,CG1,4.47,HY
C,29,P,CG,C,30,V,CG1,4.38,HY
C,32,K,NZ,C,62,E,OE1,2.76,SB
C,32,K,NZ,C,62,E,OE1,2.76,HB
C,32,K,NZ,C,62,E,OE2,3.07,HB
C,32,K,NZ,D,32,K,NZ,4.1,RE
C,32,K,NZ,D,62,E,OE2,5.83,AT
C,34,L,CD1,C,37,Q,CG,3.97,HY
C,34,L,CD2,C,37,Q,CG,4.12,HY
C,35,L,CD1,C,51,L,CD1,4.3,HY
C,35,L,CD1,C,51,L,CD2,4.49,HY
C,35,L,CD1,C,61,Y,CD2,4.04,HY
C,35,L,CD1,C,61,Y,CE2,3.69,HY
C,36,K,NZ,C,48,E,OE1,3.68,SB
C,36,K,NZ,C,48,E,OE1,3.68,HB
C,36,K,NZ,C,49,P,O,3.17,HB
C,38,A,CB,C,50,L,CD2,4.21,HY
C,41,N,N,C,45,R,O,2.69,HB
C,41,N,OD1,C,45,R,N,3.05,HB
C,41,N,ND2,C,45,R,O,3.39,HB
C,41,N,ND2,C,47,D,OD1,2.88,HB
C,43,D,OD2,C,45,R,NE,2.86,SB
C,45,R,NE,C,101,H,NE2,5.98,uRE
C,45,R,NH1,C,101,H,NE2,3.76,HB
C,49,P,CB,C,52,A,CB,4.19,HY
C,49,P,CG,C,52,A,CB,4.48,HY
C,50,L,CD1,C,63,L,CG,4.42,HY
C,50,L,CD1,C,63,L,CD1,4.08,HY
C,50,L,CD1,C,63,L,CD2,3.68,HY
C,51,L,CD2,C,55,A,CB,3.71,HY
C,51,L,CB,C,56,L,CB,4.19,HY
C,51,L,CB,C,56,L,CD1,3.68,HY
C,51,L,CD1,C,56,L,CD1,4.23,HY
C,51,L,CD1,C,61,Y,CD2,4.2,HY
C,51,L,CD1,C,61,Y,CE2,3.54,HY
C,52,A,O,C,56,L,N,3.66,HB
C,56,L,CG,C,93,I,CD1,4.36,HY
C,56,L,CD1,C,93,I,CD1,3.64,HY
C,57,Q,N,C,61,Y,OH,3.39,HB
C,57,Q,O,C,61,Y,OH,2.62,HB
C,58,V,CG2,C,96,A,CB,4.31,HY
C,58,V,CG1,D,81,P,CG,4.21,HY
C,59,G,N,C,93,I,O,3.01,HB
C,59,G,O,C,93,I,N,2.7,HB
C,60,K,NZ,D,80,E,OE2,4.32,AT
C,60,K,CG,D,81,P,CB,4.08,HY
C,60,K,NZ,D,85,D,OD2,4.02,AT
C,61,Y,N,C,91,F,O,2.75,HB
C,61,Y,O,C,91,F,N,3.1,HB
C,61,Y,CB,C,91,F,CE1,4.19,HY
C,61,Y,CB,C,91,F,CE2,4.18,HY
C,61,Y,CB,C,91,F,CZ,3.92,HY
C,61,Y,CD1,C,93,I,CB,4.44,HY
C,61,Y,CD1,C,93,I,CG1,4.04,HY
C,61,Y,CD1,C,93,I,CD1,3.96,HY
C,61,Y,CE1,C,93,I,CB,4.04,HY
C,61,Y,CE1,C,93,I,CG1,3.96,HY
C,61,Y,CE1,C,93,I,CD1,3.67,HY
C,62,E,CB,C,88,V,CG1,4.4,HY
C,62,E,CG,C,88,V,CG1,4.19,HY
C,62,E,CG,C,90,A,CB,3.81,HY
C,63,L,CB,C,65,F,CD1,4.46,HY
C,63,L,CB,C,65,F,CE1,3.64,HY
C,63,L,CB,C,65,F,CZ,4.03,HY
C,63,L,CG,C,65,F,CE1,4.46,HY
C,63,L,CG,C,65,F,CZ,4.38,HY
C,63,L,CD1,C,65,F,CE1,4.16,HY
C,63,L,CD1,C,65,F,CZ,3.74,HY
C,63,L,N,C,89,I,O,2.83,HB
C,63,L,O,C,89,I,N,2.77,HB
C,63,L,CB,C,89,I,CB,4.34,HY
C,63,L,CB,C,91,F,CE1,4.17,HY
C,63,L,CG,C,91,F,CE1,4.0,HY
C,63,L,CG,C,91,F,CZ,4.37,HY
C,63,L,CD1,C,91,F,CE1,4.28,HY
C,64,V,CG1,C,86,E,CB,4.23,HY
C,64,V,CG1,C,88,V,CG2,4.5,HY
C,64,V,CG2,C,88,V,CG1,4.27,HY
C,64,V,CG2,C,88,V,CG2,4.31,HY
C,65,F,N,C,87,V,O,2.77,HB
C,65,F,O,C,87,V,N,2.78,HB
C,65,F,CB,C,87,V,CB,4.31,HY
C,65,F,CD1,C,89,I,CG1,4.41,HY
C,65,F,CD1,C,89,I,CD1,4.23,HY
C,65,F,CE1,C,89,I,CB,4.45,HY
C,65,F,CE1,C,89,I,CG1,4.01,HY
C,65,F,CE1,C,89,I,CD1,3.55,HY
C,65,F,CZ,C,89,I,CD1,4.33,HY
C,65,F,CB,C,104,L,CD2,3.7,HY
C,65,F,CG,C,104,L,CD2,3.55,HY
C,65,F,CD1,C,104,L,CD2,3.83,HY
C,65,F,CD2,C,104,L,CD2,3.9,HY
C,65,F,CE1,C,104,L,CB,4.4,HY
C,65,F,CE1,C,104,L,CD2,4.42,HY
C,65,F,CE2,C,104,L,CB,4.3,HY
C,65,F,CE2,C,104,L,CD2,4.48,HY
C,65,F,CZ,C,104,L,CB,4.24,HY
C,66,A,CB,C,69,D,CB,4.46,HY
C,66,A,O,C,70,Y,N,3.26,HB
C,67,A,O,C,71,F,N,3.11,HB
C,67,A,CB,C,71,F,CE2,4.4,HY
C,67,A,CB,C,84,V,CG1,3.92,HY
C,67,A,N,C,85,D,O,3.12,HB
C,67,A,CB,C,87,V,CG2,3.92,HY
C,67,A,CB,C,106,V,CG2,4.16,HY
C,68,G,O,C,72,A,N,3.01,HB
C,68,G,O,C,82,R,NH1,3.46,HB
C,68,G,N,C,84,V,O,3.82,HB
C,68,G,N,C,85,D,O,2.67,HB
C,69,D,O,C,73,A,N,2.92,HB
C,69,D,OD1,C,82,R,NH1,3.01,SB
C,69,D,OD1,C,82,R,NH1,3.01,HB
C,69,D,OD1,C,82,R,NH2,3.89,HB
C,69,D,OD1,C,85,D,OD1,4.2,RE
C,69,D,OD2,C,86,E,OE2,5.57,RE
C,70,Y,RNG,C,71,F,RNG,4.9,AS
C,70,Y,CD2,C,71,F,CG,3.88,HY
C,70,Y,CD2,C,71,F,CD1,3.79,HY
C,70,Y,CD2,C,71,F,CD2,4.05,HY
C,70,Y,CD2,C,71,F,CE1,3.9,HY
C,70,Y,CD2,C,71,F,CE2,4.16,HY
C,70,Y,CD2,C,71,F,CZ,4.08,HY
C,70,Y,CE2,C,71,F,CG,4.29,HY
C,70,Y,CE2,C,71,F,CD1,3.73,HY
C,70,Y,CE2,C,71,F,CE1,3.58,HY
C,70,Y,CE2,C,71,F,CZ,4.01,HY
C,70,Y,O,C,74,Q,N,3.01,HB
C,70,Y,CD1,C,74,Q,CG,4.15,HY
C,70,Y,CD2,C,74,Q,CG,4.49,HY
C,70,Y,CE1,C,74,Q,CG,3.72,HY
C,70,Y,CE2,C,74,Q,CG,4.1,HY
C,71,F,O,C,75,G,N,3.35,HB
C,71,F,O,C,76,E,N,3.01,HB
C,71,F,CB,C,76,E,CB,4.19,HY
C,71,F,CB,C,76,E,CG,4.0,HY
C,71,F,CE2,C,106,V,CG1,4.37,HY
C,71,F,CE2,C,106,V,CG2,4.11,HY
C,71,F,CZ,C,106,V,CG1,4.19,HY
C,71,F,CZ,C,106,V,CG2,4.49,HY
C,71,F,CB,C,108,P,CG,4.39,HY
C,71,F,CG,C,108,P,CG,3.81,HY
C,71,F,CD1,C,108,P,CG,3.88,HY
C,71,F,CD2,C,108,P,CG,3.93,HY
C,71,F,CE1,C,108,P,CG,4.08,HY
C,71,F,CE2,C,108,P,CG,4.13,HY
C,71,F,CZ,C,108,P,CG,4.2,HY
C,76,E,CB,C,78,L,CG,4.31,HY
C,76,E,CB,C,78,L,CD1,4.21,HY
C,78,L,CB,C,82,R,CG,4.46,HY
C,78,L,CD1,C,108,P,CB,3.73,HY
C,78,L,CD1,C,108,P,CG,4.28,HY
C,78,L,CD2,C,109,W,CZ2,4.03,HY
C,79,P,CB,D,94,A,CB,3.85,HY
C,80,E,CG,C,82,R,CG,4.47,HY
C,80,E,OE2,C,82,R,NE,2.78,SB
C,81,P,CG,D,58,V,CG1,4.25,HY
C,81,P,CB,D,60,K,CG,4.21,HY
C,81,P,O,D,94,A,N,3.74,HB
C,82,R,CB,C,85,D,CB,4.49,HY
C,82,R,NH1,C,85,D,OD1,2.95,SB
C,82,R,O,D,92,G,N,3.18,HB
C,83,F,CD2,C,84,V,CG2,3.75,HY
C,83,F,CE2,C,84,V,CG2,4.46,HY
C,83,F,CB,C,109,W,CE3,3.85,HY
C,83,F,CB,C,109,W,CZ3,3.79,HY
C,83,F,CG,C,109,W,CE3,4.2,HY
C,83,F,CG,C,109,W,CZ3,4.41,HY
C,83,F,CD1,D,91,F,CB,4.36,HY
C,83,F,CD1,D,91,F,CD2,4.3,HY
C,83,F,CD2,D,91,F,CB,4.5,HY
C,83,F,CE1,D,91,F,CB,4.2,HY
C,83,F,CE1,D,91,F,CG,4.29,HY
C,83,F,CE1,D,91,F,CD2,3.91,HY
C,83,F,CE2,D,91,F,CB,4.34,HY
C,83,F,CZ,D,91,F,CB,4.19,HY
C,83,F,CZ,D,91,F,CG,4.45,HY
C,83,F,CZ,D,91,F,CD2,4.47,HY
C,83,F,N,D,92,G,O,3.79,HB
C,83,F,O,D,92,G,N,3.15,HB
C,83,F,CD1,D,100,Y,CD2,3.95,HY
C,83,F,CD1,D,100,Y,CE2,4.17,HY
C,83,F,CE1,D,100,Y,CD2,3.97,HY
C,83,F,CE1,D,102,V,CG2,3.84,HY
C,83,F,CZ,D,102,V,CG1,4.2,HY
C,83,F,CZ,D,102,V,CG2,3.67,HY
C,83,F,CG,D,115,R,CB,4.47,HY
C,83,F,CD1,D,115,R,CB,4.34,HY
C,83,F,CD1,D,115,R,CG,4.26,HY
C,83,F,CD2,D,115,R,CB,4.26,HY
C,83,F,CE1,D,115,R,CB,3.99,HY
C,83,F,CE1,D,115,R,CG,3.95,HY
C,83,F,CE2,D,115,R,CB,3.89,HY
C,83,F,CZ,D,115,R,CB,3.75,HY
C,83,F,CZ,D,115,R,CG,4.19,HY
C,84,V,CG1,C,87,V,CG2,3.67,HY
C,84,V,CG1,C,106,V,CG2,4.1,HY
C,84,V,N,C,108,P,O,3.75,HB
C,84,V,CG2,C,111,Y,CD2,4.15,HY
C,84,V,CG2,C,111,Y,CE2,4.5,HY
C,85,D,OD1,C,86,E,OE2,5.9,RE
C,85,D,OD2,D,60,K,NZ,3.42,SB
C,85,D,OD2,D,60,K,NZ,3.42,HB
C,87,V,CG1,C,89,I,CG1,4.2,HY
C,87,V,CB,C,104,L,CD2,4.34,HY
C,87,V,CG1,C,104,L,CD1,3.92,HY
C,87,V,CG1,C,104,L,CD2,4.41,HY
C,87,V,CG2,C,104,L,CD2,4.46,HY
C,87,V,CG1,C,111,Y,CG,4.15,HY
C,87,V,CG1,C,111,Y,CD1,3.74,HY
C,87,V,CG1,C,111,Y,CD2,4.37,HY
C,87,V,CG1,C,111,Y,CE1,3.63,HY
C,87,V,CG1,C,111,Y,CE2,4.28,HY
C,87,V,CG2,C,111,Y,CG,4.47,HY
C,87,V,CG2,C,111,Y,CD2,4.17,HY
C,87,V,CG2,C,111,Y,CE2,4.32,HY
C,88,V,CB,D,88,V,CG1,4.46,HY
C,88,V,CG2,D,90,A,CB,4.32,HY
C,89,I,CG2,C,91,F,CD1,3.93,HY
C,89,I,CG2,C,102,V,CG1,3.9,HY
C,89,I,CD1,C,104,L,CB,4.48,HY
C,89,I,CD1,C,104,L,CD1,4.09,HY
C,89,I,CG2,C,113,T,CG2,4.3,HY
C,89,I,CD1,C,113,T,CG2,4.27,HY
C,90,A,CB,D,88,V,CG2,4.06,HY
C,91,F,CD2,C,93,I,CG1,4.45,HY
C,91,F,CE2,C,93,I,CG1,4.17,HY
C,91,F,CE2,C,93,I,CD1,4.4,HY
C,91,F,CD2,C,102,V,CG2,4.33,HY
C,91,F,CE2,C,102,V,CG2,4.12,HY
C,91,F,CZ,C,102,V,CG2,4.27,HY
C,91,F,CB,D,83,F,CD1,4.13,HY
C,91,F,CB,D,83,F,CE1,4.02,HY
C,91,F,CB,D,83,F,CZ,4.4,HY
C,91,F,CG,D,83,F,CE1,4.21,HY
C,91,F,CD2,D,83,F,CD1,4.3,HY
C,91,F,CD2,D,83,F,CE1,3.94,HY
C,92,G,N,D,82,R,O,3.32,HB
C,92,G,N,D,83,F,O,3.55,HB
C,93,I,CB,C,100,Y,CE1,4.44,HY
C,93,I,CG1,C,100,Y,CG,4.17,HY
C,93,I,CG1,C,100,Y,CD1,4.24,HY
C,93,I,CG1,C,100,Y,CD2,4.32,HY
C,93,I,CG1,C,100,Y,CE1,4.46,HY
C,93,I,CG2,C,100,Y,CD1,4.02,HY
C,93,I,CG2,C,100,Y,CE1,3.6,HY
C,93,I,CD1,C,100,Y,CD1,4.47,HY
C,94,A,N,C,100,Y,OH,3.41,HB
C,94,A,N,D,81,P,O,3.89,HB
C,95,D,CB,C,98,Q,CG,4.09,HY
C,95,D,N,C,100,Y,OH,3.26,HB
C,95,D,O,C,100,Y,OH,3.63,HB
C,98,Q,CB,C,100,Y,CE1,4.19,HY
C,98,Q,OE1,C,115,R,NH1,3.58,HB
C,98,Q,OE1,C,115,R,NH2,2.82,HB
C,99,N,O,C,115,R,NE,3.89,HB
C,99,N,O,C,115,R,NH2,3.3,HB
C,100,Y,CD2,C,115,R,CG,4.26,HY
C,100,Y,OH,C,115,R,NH2,3.71,HB
C,100,Y,CD2,D,83,F,CD1,4.1,HY
C,100,Y,CD2,D,83,F,CE1,4.19,HY
C,100,Y,CE2,D,83,F,CD1,4.3,HY
C,101,H,O,C,116,G,N,2.9,HB
C,102,V,CG1,D,83,F,CZ,4.25,HY
C,102,V,CG2,D,83,F,CE1,3.81,HY
C,102,V,CG2,D,83,F,CZ,3.84,HY
C,103,P,O,C,113,T,OG1,2.78,HB
C,103,P,CG,C,114,Y,CG,4.44,HY
C,103,P,CG,C,114,Y,CD1,4.16,HY
C,103,P,CG,C,114,Y,CD2,4.23,HY
C,103,P,CG,C,114,Y,CE1,3.66,HY
C,103,P,CG,C,114,Y,CE2,3.74,HY
C,104,L,CG,C,106,V,CB,3.86,HY
C,104,L,CG,C,106,V,CG1,4.18,HY
C,104,L,CD1,C,106,V,CB,4.27,HY
C,104,L,CD2,C,106,V,CB,4.11,HY
C,104,L,CD2,C,106,V,CG1,4.2,HY
C,104,L,CD1,C,111,Y,CB,3.8,HY
C,104,L,CD1,C,111,Y,CG,4.26,HY
C,104,L,CD1,C,111,Y,CD1,4.1,HY
C,105,V,N,C,112,S,O,2.99,HB
C,105,V,O,C,112,S,N,2.86,HB
C,105,V,O,C,112,S,OG,3.63,HB
C,106,V,CB,C,111,Y,CB,4.03,HY
C,106,V,CG2,C,111,Y,CB,3.84,HY
C,108,P,CB,C,109,W,CG,4.41,HY
C,109,W,O,D,115,R,N,2.96,HB
C,109,W,CE3,D,115,R,CB,4.23,HY
C,109,W,CE3,D,115,R,CG,4.45,HY
C,110,A,CB,D,114,Y,CB,3.63,HY
C,111,Y,OH,D,90,A,N,3.7,HB
C,111,Y,OH,D,90,A,O,3.8,HB
C,111,Y,CG,D,113,T,CG2,4.16,HY
C,111,Y,CD1,D,113,T,CG2,4.06,HY
C,111,Y,CD2,D,113,T,CG2,3.96,HY
C,111,Y,CE1,D,113,T,CG2,3.74,HY
C,111,Y,CE2,D,113,T,CG2,3.63,HY
C,113,T,CG2,D,111,Y,CG,4.23,HY
C,113,T,CG2,D,111,Y,CD1,4.15,HY
C,113,T,CG2,D,111,Y,CD2,3.96,HY
C,113,T,CG2,D,111,Y,CE1,3.79,HY
C,113,T,CG2,D,111,Y,CE2,3.58,HY
C,114,Y,CB,D,110,A,CB,3.54,HY
C,115,R,CB,D,83,F,CG,4.37,HY
C,115,R,CB,D,83,F,CD1,4.36,HY
C,115,R,CB,D,83,F,CD2,3.97,HY
C,115,R,CB,D,83,F,CE1,3.97,HY
C,115,R,CB,D,83,F,CE2,3.53,HY
C,115,R,CB,D,83,F,CZ,3.53,HY
C,115,R,CG,D,83,F,CD1,4.19,HY
C,115,R,CG,D,83,F,CE1,3.87,HY
C,115,R,CG,D,83,F,CE2,4.31,HY
C,115,R,CG,D,83,F,CZ,3.93,HY
C,115,R,N,D,109,W,O,2.96,HB
C,115,R,CB,D,109,W,CE3,4.19,HY
C,115,R,CG,D,109,W,CE3,4.49,HY
D,2,G,O,D,53,G,N,3.16,HB
D,2,G,N,D,96,A,O,3.27,HB
D,2,G,N,D,97,S,O,3.87,HB
D,3,K,CB,D,49,P,CB,4.27,HY
D,3,K,CB,D,52,A,CB,4.36,HY
D,3,K,N,D,98,Q,O,3.69,HB
D,3,K,N,D,99,N,OD1,3.2,HB
D,3,K,CG,D,99,N,CB,4.24,HY
D,3,K,O,D,100,Y,N,2.94,HB
D,4,L,CD2,D,24,L,CG,4.39,HY
D,4,L,CD2,D,24,L,CD1,3.8,HY
D,4,L,CD2,D,24,L,CD2,3.68,HY
D,4,L,O,D,50,L,N,2.85,HB
D,4,L,CB,D,50,L,CB,4.43,HY
D,4,L,CG,D,50,L,CB,4.14,HY
D,4,L,CG,D,50,L,CD1,4.23,HY
D,4,L,CD2,D,50,L,CB,4.01,HY
D,4,L,CD2,D,50,L,CD1,4.19,HY
D,4,L,N,D,51,L,O,2.76,HB
D,4,L,O,D,51,L,N,3.59,HB
D,4,L,CB,D,51,L,CB,4.06,HY
D,4,L,CD2,D,51,L,CD1,4.46,HY
D,4,L,CB,D,56,L,CD1,3.89,HY
D,4,L,CD1,D,91,F,CE2,4.09,HY
D,4,L,CD1,D,91,F,CZ,3.88,HY
D,4,L,CD2,D,91,F,CZ,4.07,HY
D,4,L,CD1,D,100,Y,CB,4.0,HY
D,4,L,CD1,D,102,V,CG2,4.11,HY
D,5,S,N,D,100,Y,O,2.98,HB
D,5,S,O,D,101,H,ND1,3.51,HB
D,5,S,OG,D,101,H,ND1,2.76,HB
D,5,S,O,D,102,V,N,2.89,HB
D,6,T,CG2,D,22,L,CD1,3.7,HY
D,6,T,CG2,D,50,L,CD1,4.17,HY
D,6,T,CG2,D,63,L,CD2,4.48,HY
D,6,T,OG1,D,102,V,O,2.71,HB
D,7,H,NE2,D,43,D,O,3.34,HB
D,7,H,NE2,D,43,D,OD1,5.32,uAT
D,7,H,CB,D,45,R,CG,4.18,HY
D,7,H,ND1,D,45,R,NE,4.52,uRE
D,7,H,ND1,D,45,R,NH2,3.86,HB
D,7,H,ND1,D,101,H,NE2,4.69,uRE
D,7,H,CB,D,103,P,CB,3.97,HY
D,7,H,O,D,104,L,N,2.75,HB
D,8,V,O,D,17,G,N,2.88,HB
D,8,V,CG1,D,20,V,CG2,3.96,HY
D,8,V,CG2,D,20,V,CB,4.49,HY
D,8,V,CG2,D,20,V,CG1,4.46,HY
D,8,V,CB,D,40,T,CG2,4.28,HY
D,8,V,CG2,D,40,T,CG2,3.8,HY
D,8,V,N,D,44,G,O,2.81,HB
D,8,V,CG2,D,65,F,CD2,3.63,HY
D,8,V,CG2,D,65,F,CE2,3.61,HY
D,8,V,CG1,D,106,V,CG1,4.18,HY
D,9,L,CG,D,11,I,CG2,4.45,HY
D,9,L,CD2,D,11,I,CG2,3.77,HY
D,9,L,N,D,104,L,O,2.92,HB
D,9,L,CD2,D,105,V,CG1,4.02,HY
D,9,L,O,D,106,V,N,3.07,HB
D,10,D,OD2,D,13,K,NZ,5.4,AT
D,10,D,O,D,14,G,N,2.9,HB
D,10,D,N,D,15,K,O,2.81,HB
D,10,D,O,D,15,K,N,3.23,HB
D,10,D,CB,D,70,Y,CE2,4.06,HY
D,10,D,OD2,D,70,Y,OH,2.77,HB
D,11,I,CG2,D,105,V,CG1,3.49,HY
D,11,I,CD1,D,105,V,CG1,4.46,HY
D,11,I,N,D,106,V,O,3.19,HB
D,12,T,CG2,D,71,F,CE1,4.29,HY
D,12,T,CG2,D,108,P,CG,4.47,HY
D,13,K,NZ,D,74,Q,O,3.77,HB
D,13,K,NZ,D,76,E,OE2,5.97,AT
D,16,P,CB,D,18,V,CG2,4.43,HY
D,17,G,O,D,40,T,OG1,2.63,HB
D,19,G,N,D,40,T,O,3.09,HB
D,19,G,N,D,40,T,OG1,3.03,HB
D,20,V,CG1,D,22,L,CD2,3.97,HY
D,20,V,N,D,40,T,OG1,2.86,HB
D,20,V,O,D,40,T,N,3.0,HB
D,20,V,O,D,40,T,OG1,3.73,HB
D,20,V,CB,D,40,T,CG2,3.85,HY
D,20,V,CG1,D,65,F,CB,4.48,HY
D,20,V,CG2,D,70,Y,CB,3.92,HY
D,20,V,CG2,D,70,Y,CG,3.76,HY
D,20,V,CG2,D,70,Y,CD1,3.65,HY
D,20,V,CG2,D,70,Y,CD2,4.45,HY
D,20,V,CG2,D,70,Y,CE1,4.27,HY
D,21,K,CG,D,39,V,CG2,4.07,HY
D,21,K,O,D,66,A,N,3.03,HB
D,21,K,CB,D,66,A,CB,4.15,HY
D,21,K,NZ,D,69,D,OD2,5.81,AT
D,22,L,N,D,38,A,O,2.63,HB
D,22,L,O,D,38,A,N,3.15,HB
D,22,L,CG,D,40,T,CG2,4.29,HY
D,22,L,CD1,D,40,T,CG2,4.07,HY
D,22,L,CD2,D,40,T,CG2,4.19,HY
D,22,L,CD2,D,65,F,CB,4.5,HY
D,22,L,CD2,D,65,F,CG,4.12,HY
D,22,L,CD2,D,65,F,CD2,3.47,HY
D,22,L,CD2,D,65,F,CE2,3.87,HY
D,23,A,CB,D,25,Y,CD1,4.31,HY
D,23,A,CB,D,25,Y,CE1,3.6,HY
D,23,A,CB,D,34,L,CD1,4.23,HY
D,23,A,N,D,64,V,O,3.12,HB
D,23,A,O,D,64,V,N,2.93,HB
D,24,L,O,D,35,L,N,2.84,HB
D,24,L,CG,D,35,L,CB,4.43,HY
D,24,L,CG,D,35,L,CD1,4.45,HY
D,24,L,CD2,D,35,L,CB,4.37,HY
D,24,L,CD2,D,35,L,CD1,4.31,HY
D,24,L,N,D,36,K,O,2.83,HB
D,24,L,O,D,36,K,N,3.44,HB
D,24,L,CD2,D,50,L,CB,4.0,HY
D,24,L,CD2,D,51,L,CG,3.68,HY
D,24,L,CD2,D,51,L,CD1,3.91,HY
D,24,L,CD2,D,51,L,CD2,4.38,HY
D,24,L,CD1,D,61,Y,CB,4.37,HY
D,24,L,CD1,D,61,Y,CD2,4.27,HY
D,24,L,CB,D,63,L,CD1,3.97,HY
D,24,L,CD1,D,63,L,CB,4.27,HY
D,24,L,CD1,D,63,L,CD1,4.04,HY
D,25,Y,CB,D,32,K,CB,4.46,HY
D,25,Y,CD2,D,32,K,CB,4.07,HY
D,25,Y,CD1,D,34,L,CD1,4.41,HY
D,25,Y,CD2,D,34,L,CB,4.04,HY
D,25,Y,CD2,D,34,L,CD1,4.42,HY
D,25,Y,CE1,D,34,L,CD1,3.92,HY
D,25,Y,CE2,D,34,L,CB,3.61,HY
D,25,Y,CE2,D,34,L,CG,4.38,HY
D,25,Y,CE2,D,34,L,CD1,3.94,HY
D,25,Y,N,D,62,E,O,2.76,HB
D,25,Y,O,D,62,E,N,2.76,HB
D,25,Y,CB,D,62,E,CB,4.16,HY
D,25,Y,CD1,D,64,V,CG2,4.27,HY
D,25,Y,CE1,D,64,V,CG2,4.38,HY
D,26,A,N,D,33,T,O,2.92,HB
D,26,A,O,D,33,T,N,2.85,HB
D,26,A,CB,D,35,L,CG,4.13,HY
D,26,A,CB,D,35,L,CD1,3.89,HY
D,26,A,CB,D,35,L,CD2,4.2,HY
D,26,A,CB,D,61,Y,CD2,4.49,HY
D,26,A,CB,D,61,Y,CE2,4.41,HY
D,27,V,CG2,D,32,K,CG,3.88,HY
D,27,V,CG2,D,32,K,CD,4.29,HY
D,27,V,N,D,60,K,O,3.06,HB
D,27,V,CB,D,60,K,CB,4.16,HY
D,27,V,CG2,D,62,E,CB,4.15,HY
D,27,V,CG2,D,62,E,CG,3.71,HY
D,32,K,NZ,D,62,E,OE1,2.79,SB
D,32,K,NZ,D,62,E,OE1,2.79,HB
D,32,K,NZ,D,62,E,OE2,3.25,HB
D,33,T,CG2,D,35,L,CD2,4.3,HY
D,34,L,CD1,D,37,Q,CG,4.15,HY
D,34,L,CD2,D,37,Q,CG,4.08,HY
D,35,L,CD1,D,51,L,CD1,4.02,HY
D,35,L,CD1,D,51,L,CD2,4.31,HY
D,35,L,CD1,D,61,Y,CD2,4.01,HY
D,35,L,CD1,D,61,Y,CE2,3.6,HY
D,36,K,NZ,D,48,E,OE1,3.89,SB
D,36,K,NZ,D,48,E,OE1,3.89,HB
D,36,K,NZ,D,49,P,O,2.8,HB
D,36,K,NZ,D,50,L,O,3.89,HB
D,38,A,CB,D,50,L,CD2,4.22,HY
D,41,N,N,D,45,R,O,2.59,HB
D,41,N,OD1,D,45,R,N,2.94,HB
D,41,N,ND2,D,45,R,O,3.43,HB
D,41,N,ND2,D,47,D,OD1,2.91,HB
D,43,D,OD2,D,45,R,NE,3.02,SB
D,45,R,NE,D,101,H,NE2,5.89,uRE
D,49,P,CB,D,52,A,CB,4.24,HY
D,50,L,CD1,D,63,L,CG,4.43,HY
D,50,L,CD1,D,63,L,CD1,3.79,HY
D,50,L,CD1,D,63,L,CD2,3.76,HY
D,51,L,CD2,D,55,A,CB,3.75,HY
D,51,L,CB,D,56,L,CB,4.24,HY
D,51,L,CB,D,56,L,CD1,3.7,HY
D,51,L,CG,D,56,L,CD1,4.48,HY
D,51,L,CD1,D,56,L,CD1,3.93,HY
D,51,L,CD1,D,61,Y,CD2,4.32,HY
D,51,L,CD1,D,61,Y,CE2,3.53,HY
D,56,L,CG,D,93,I,CD1,4.39,HY
D,56,L,CD1,D,93,I,CD1,3.59,HY
D,57,Q,N,D,61,Y,OH,3.22,HB
D,57,Q,O,D,61,Y,OH,2.68,HB
D,58,V,CG2,D,96,A,CB,4.38,HY
D,59,G,N,D,93,I,O,3.14,HB
D,59,G,O,D,93,I,N,2.91,HB
D,61,Y,N,D,91,F,O,2.8,HB
D,61,Y,O,D,91,F,N,3.08,HB
D,61,Y,CB,D,91,F,CD1,4.45,HY
D,61,Y,CB,D,91,F,CE1,3.98,HY
D,61,Y,CB,D,91,F,CE2,4.07,HY
D,61,Y,CB,D,91,F,CZ,3.77,HY
D,61,Y,CG,D,91,F,CE2,4.48,HY
D,61,Y,CG,D,91,F,CZ,4.41,HY
D,61,Y,CD1,D,91,F,CE2,4.38,HY
D,61,Y,CD1,D,93,I,CB,4.32,HY
D,61,Y,CD1,D,93,I,CG1,4.02,HY
D,61,Y,CD1,D,93,I,CD1,3.87,HY
D,61,Y,CE1,D,93,I,CB,3.95,HY
D,61,Y,CE1,D,93,I,CG1,3.97,HY
D,61,Y,CE1,D,93,I,CD1,3.62,HY
D,62,E,CG,D,88,V,CG1,4.16,HY
D,62,E,CG,D,90,A,CB,3.89,HY
D,63,L,CB,D,65,F,CE1,4.07,HY
D,63,L,CG,D,65,F,CD1,4.43,HY
D,63,L,CG,D,65,F,CE1,3.61,HY
D,63,L,CG,D,65,F,CZ,3.75,HY
D,63,L,CD2,D,65,F,CE1,3.86,HY
D,63,L,CD2,D,65,F,CE2,4.46,HY
D,63,L,CD2,D,65,F,CZ,3.53,HY
D,63,L,N,D,89,I,O,2.93,HB
D,63,L,O,D,89,I,N,3.01,HB
D,63,L,CB,D,91,F,CE1,4.09,HY
D,64,V,CG1,D,86,E,CB,3.97,HY
D,64,V,CG1,D,88,V,CG2,4.46,HY
D,65,F,N,D,87,V,O,2.77,HB
D,65,F,O,D,87,V,N,2.81,HB
D,65,F,CB,D,87,V,CB,4.1,HY
D,65,F,CD1,D,89,I,CG1,4.24,HY
D,65,F,CD1,D,89,I,CD1,4.06,HY
D,65,F,CE1,D,89,I,CB,4.28,HY
D,65,F,CE1,D,89,I,CG1,3.89,HY
D,65,F,CE1,D,89,I,CD1,3.43,HY
D,65,F,CZ,D,89,I,CD1,4.1,HY
D,65,F,CB,D,104,L,CD2,3.7,HY
D,65,F,CG,D,104,L,CD2,3.48,HY
D,65,F,CD1,D,104,L,CD2,3.94,HY
D,65,F,CD2,D,104,L,CB,4.15,HY
D,65,F,CD2,D,104,L,CG,4.5,HY
D,65,F,CD2,D,104,L,CD2,3.59,HY
D,65,F,CE1,D,104,L,CB,4.48,HY
D,65,F,CE1,D,104,L,CD2,4.46,HY
D,65,F,CE2,D,104,L,CB,3.85,HY
D,65,F,CE2,D,104,L,CD2,4.15,HY
D,65,F,CZ,D,104,L,CB,4.03,HY
D,66,A,O,D,70,Y,N,3.33,HB
D,67,A,O,D,71,F,N,2.99,HB
D,67,A,CB,D,71,F,CE2,4.25,HY
D,67,A,CB,D,84,V,CG1,3.92,HY
D,67,A,N,D,85,D,O,2.98,HB
D,67,A,CB,D,87,V,CG2,4.01,HY
D,67,A,CB,D,106,V,CG2,4.25,HY
D,68,G,O,D,72,A,N,3.02,HB
D,68,G,O,D,82,R,NH1,3.31,HB
D,68,G,N,D,84,V,O,3.85,HB
D,68,G,N,D,85,D,O,2.68,HB
D,69,D,O,D,73,A,N,2.93,HB
D,69,D,OD1,D,82,R,NH1,3.34,SB
D,69,D,OD1,D,82,R,NH1,3.34,HB
D,69,D,OD1,D,85,D,OD1,4.6,RE
D,69,D,OD2,D,86,E,OE2,5.78,RE
D,70,Y,RNG,D,71,F,RNG,4.99,AS
D,70,Y,CD2,D,71,F,CG,3.91,HY
D,70,Y,CD2,D,71,F,CD1,3.7,HY
D,70,Y,CD2,D,71,F,CD2,4.18,HY
D,70,Y,CD2,D,71,F,CE1,3.79,HY
D,70,Y,CD2,D,71,F,CE2,4.26,HY
D,70,Y,CD2,D,71,F,CZ,4.07,HY
D,70,Y,CE2,D,71,F,CG,4.41,HY
D,70,Y,CE2,D,71,F,CD1,3.75,HY
D,70,Y,CE2,D,71,F,CE1,3.6,HY
D,70,Y,CE2,D,71,F,CZ,4.14,HY
D,70,Y,O,D,74,Q,N,3.08,HB
D,70,Y,CD1,D,74,Q,CG,4.2,HY
D,70,Y,CD2,D,74,Q,CG,4.46,HY
D,70,Y,CE1,D,74,Q,CG,3.81,HY
D,70,Y,CE2,D,74,Q,CG,4.1,HY
D,71,F,O,D,75,G,N,3.63,HB
D,71,F,O,D,76,E,N,3.1,HB
D,71,F,CB,D,76,E,CB,4.3,HY
D,71,F,CE2,D,106,V,CG1,4.49,HY
D,71,F,CE2,D,106,V,CG2,3.88,HY
D,71,F,CZ,D,106,V,CG1,4.18,HY
D,71,F,CZ,D,106,V,CG2,4.15,HY
D,71,F,CB,D,108,P,CG,4.3,HY
D,71,F,CG,D,108,P,CG,3.76,HY
D,71,F,CD1,D,108,P,CG,3.84,HY
D,71,F,CD2,D,108,P,CB,4.48,HY
D,71,F,CD2,D,108,P,CG,3.93,HY
D,71,F,CE1,D,108,P,CG,4.09,HY
D,71,F,CE2,D,108,P,CG,4.17,HY
D,71,F,CZ,D,108,P,CG,4.25,HY
D,78,L,CD1,D,108,P,CB,3.69,HY
D,78,L,CD1,D,108,P,CG,4.4,HY
D,78,L,CD1,D,109,W,CZ2,4.48,HY
D,78,L,CD2,D,109,W,CZ2,4.14,HY
D,80,E,CG,D,81,P,CB,4.32,HY
D,80,E,OE1,D,82,R,NE,3.66,SB
D,80,E,OE1,D,85,D,OD2,5.4,RE
D,82,R,CB,D,85,D,CB,4.45,HY
D,82,R,NH1,D,85,D,OD1,3.58,SB
D,83,F,CD2,D,84,V,CG2,3.95,HY
D,83,F,CB,D,109,W,CE3,3.85,HY
D,83,F,CB,D,109,W,CZ3,3.74,HY
D,83,F,CG,D,109,W,CE3,4.13,HY
D,83,F,CG,D,109,W,CZ3,4.32,HY
D,83,F,CD2,D,109,W,CE3,4.19,HY
D,84,V,CG1,D,87,V,CG2,3.7,HY
D,84,V,CG1,D,106,V,CG2,4.16,HY
D,84,V,N,D,108,P,O,3.62,HB
D,84,V,CG2,D,111,Y,CD2,4.32,HY
D,85,D,OD1,D,86,E,OE2,5.31,RE
D,87,V,CG1,D,89,I,CG1,4.07,HY
D,87,V,CB,D,104,L,CD2,4.39,HY
D,87,V,CG1,D,104,L,CD1,4.05,HY
D,87,V,CG1,D,104,L,CD2,4.27,HY
D,87,V,CG1,D,111,Y,CG,4.11,HY
D,87,V,CG1,D,111,Y,CD1,3.94,HY
D,87,V,CG1,D,111,Y,CD2,4.15,HY
D,87,V,CG1,D,111,Y,CE1,3.85,HY
D,87,V,CG1,D,111,Y,CE2,4.07,HY
D,87,V,CG2,D,111,Y,CD2,4.01,HY
D,87,V,CG2,D,111,Y,CE2,4.18,HY
D,89,I,CG2,D,91,F,CD1,4.13,HY
D,89,I,CG2,D,102,V,CG1,3.86,HY
D,89,I,CD1,D,104,L,CB,4.43,HY
D,89,I,CD1,D,104,L,CD1,3.73,HY
D,89,I,CG2,D,113,T,CG2,4.22,HY
D,89,I,CD1,D,113,T,CG2,4.15,HY
D,91,F,CD2,D,93,I,CG1,4.22,HY
D,91,F,CE2,D,93,I,CG1,3.87,HY
D,91,F,CE2,D,93,I,CD1,3.99,HY
D,91,F,CD2,D,102,V,CG2,4.36,HY
D,91,F,CE1,D,102,V,CG2,4.43,HY
D,91,F,CE2,D,102,V,CG2,4.17,HY
D,91,F,CZ,D,102,V,CG2,4.21,HY
D,93,I,CB,D,100,Y,CE1,4.35,HY
D,93,I,CG1,D,100,Y,CG,4.09,HY
D,93,I,CG1,D,100,Y,CD1,4.09,HY
D,93,I,CG1,D,100,Y,CD2,4.22,HY
D,93,I,CG1,D,100,Y,CE1,4.24,HY
D,93,I,CG1,D,100,Y,CE2,4.37,HY
D,93,I,CG2,D,100,Y,CD1,4.09,HY
D,93,I,CG2,D,100,Y,CE1,3.58,HY
D,93,I,CD1,D,100,Y,CG,4.35,HY
D,93,I,CD1,D,100,Y,CD1,4.22,HY
D,94,A,N,D,100,Y,OH,3.42,HB
D,95,D,CB,D,98,Q,CB,4.49,HY
D,95,D,CB,D,98,Q,CG,4.01,HY
D,95,D,N,D,100,Y,OH,3.11,HB
D,95,D,O,D,100,Y,OH,3.45,HB
D,98,Q,CB,D,100,Y,CD1,4.45,HY
D,98,Q,CB,D,100,Y,CE1,3.87,HY
D,98,Q,OE1,D,115,R,NH1,3.87,HB
D,98,Q,OE1,D,115,R,NH2,2.42,HB
D,100,Y,CD2,D,115,R,CG,4.48,HY
D,101,H,N,D,116,G,O,3.67,HB
D,101,H,O,D,116,G,N,2.7,HB
D,103,P,O,D,113,T,OG1,2.73,HB
D,103,P,CG,D,114,Y,CD1,3.97,HY
D,103,P,CG,D,114,Y,CE1,3.43,HY
D,103,P,CG,D,114,Y,CE2,4.24,HY
D,104,L,CG,D,106,V,CB,3.86,HY
D,104,L,CG,D,106,V,CG1,4.2,HY
D,104,L,CD1,D,106,V,CB,4.5,HY
D,104,L,CD2,D,106,V,CB,3.95,HY
D,104,L,CD2,D,106,V,CG1,4.1,HY
D,104,L,CD2,D,106,V,CG2,4.4,HY
D,104,L,CD1,D,111,Y,CB,3.73,HY
D,104,L,CD1,D,111,Y,CG,4.15,HY
D,104,L,CD1,D,111,Y,CD1,4.01,HY
D,105,V,N,D,112,S,O,2.96,HB
D,105,V,O,D,112,S,N,2.86,HB
D,105,V,O,D,112,S,OG,3.64,HB
D,105,V,CG2,D,114,Y,CE2,4.36,HY
D,106,V,CB,D,111,Y,CB,4.07,HY
D,106,V,CG2,D,111,Y,CB,3.99,HY
D,108,P,CB,D,109,W,CG,4.39,HY